Nº TÍTULO;NOME;CPF;RG;DOCUMENTO;ÁREA (ha)
001198.pdf;Nome: Luzia Maria da Conceição;CPF: 483.341.704-91;RG: ;Documento: C.P.F. N° 483.341.704-91;Área em hectares: 0,0343 ha
001443.pdf;Nome: Antonio Dionizio Rogerio;CPF: 469.967.614-68;RG: -;Documento: C.P.F N°469.967.614-68;Área em hectares: 0,0591 ha
001463.pdf;Nome: João Alves Irmão;CPF: 327.408.754-87;RG: 308.549-AL;Documento: R.G. N° 308.549-AL C.P.F N°327.408.754-87;Área em hectares: 0,0186 ha
001592.pdf;Nome: Alonso Correia dos Santos;CPF: 227.313.264-68;RG: -;Documento: C.P.F.N° 227.313.264-68;Área em hectares: 0,0541 ha
001610.pdf;Nome: Elvira Maria dos Santos;CPF: ;RG: 543.104-SSP-AL;Documento: RG;Área em hectares: 0,0217 ha
001615.pdf;Nome: Francisval José de Lira;CPF: ;RG: 700.173/SSP/AL;Documento: RG;Área em hectares: 0,0283 ha
001672.pdf;Nome: Odilon Balbino de Albuquerque;CPF: ;RG: 003.327-SSP/AL;Documento: RG;Área em hectares: 0,0174 ha
001691.pdf;Nome: Antonia Maria da Conceição;CPF: 483.334.334.72;RG: ;Documento: C.P.F. N° 483.334.334.72;Área em hectares: 0,0149 ha
022903.pdf;Nome: Jurandir Alves da Silva;CPF: 087.150.254-20;RG: ;Documento: CPF 087.150.254-20;Área em hectares: 6,0551 ha
022904.pdf;
022905.pdf;Nome: Job Bispo de Lira;CPF: 039.538.744-20;RG: ;Documento: CPF 039.538.744-20;Área em hectares: 12,1965 ha
022906.pdf;Nome: Job Bispo de Lira;CPF: 039.538.744-20;RG: ;Documento: CPF 039.538.744-20;Área em hectares: 6,5769 ha
022919.pdf;Nome: Laelson Oliveira de Almeida;CPF: 359.707.234-87;RG: ;Documento: CPF 359.707.234-87;Área em hectares: 7,0332 ha
024968.pdf;Nome: Antonio Pedro Laurindo;CPF: 438.468.664-15;RG: ;Documento: C.P.F. N° 438.468.664-15;Área em hectares: 0,0216 ha
025004.pdf;Nome: José Cícero Raimundo dos Santos;CPF: 309.669.494-04;RG: ;Documento: C.P.F. N° 309.669.494-04;Área em hectares: 0,0167 ha
025014.pdf;Nome: Jurandir Barbosa de Almeida;CPF: 313.649.004-59;RG: ;Documento: C.P.F. N° 313.649.004-59;Área em hectares: 0,0320 ha
025046.pdf;Nome: João Florentino da Silva;CPF: 470.301.604-44;RG: ;Documento: C.P.F. Nº 470.301.604-44;Área em hectares: 1,2355 ha
025059.pdf;Nome: Manoel dos Santos Souza;CPF: 383.760.754-20;RG: ;Documento: C.P.F.;Área em hectares: 2,3560 ha
025064.pdf;Nome: NATALICIO NUNES BARBOSA;CPF: 347.639.784-34;RG: ;Documento: C.P.F. N° 347.639.784-34;Área em hectares: 0,2942 ha
025102.pdf;Nome: Maria Bernadino da Conceição;CPF: 210.884.894-00;RG: -;Documento: C.P.F. N° 210.884.894-00;Área em hectares: 0,0194 ha
025113.pdf;Nome: Nailton Valdivino da Silva;CPF: 438.720.184-34;RG: ;Documento: C.P.F N° 438.720.184-34;Área em hectares: 0,0551 ha
026302.pdf;Nome: Jori Jira;CPF: 111.323.614-00;RG: ;Documento: ;Área em hectares: 7,9866 ha
026302_001.pdf;Nome: Jori Jira;CPF: 111.323.614-00;RG: ;Documento: ;Área em hectares: 7,9866 ha
027881.pdf;Nome: Cícero Alves da Silva;CPF: 027.548.514-53;RG: 296952 SSP/AL;Documento: RG;Área em hectares: 6,9833 ha
027881_001.pdf;Nome: Cícero Alves da Silva;CPF: ;RG: 296952-SSP-AL;Documento: ;Área em hectares: 6,9833
027894.pdf;Nome: José Inácio da Silva;CPF: 007.277.504-10;RG: 109799 SSP/AL;Documento: RG;Área em hectares: 11,2437 ha
027894_001.pdf;Nome: José Inácio da Silva;CPF: 007.277.504-10;RG: 109799-SSP-AL;Documento: Documento de Identidade;Área em hectares: 11
027949.pdf;Nome: Luiz José da Silva;CPF: 045.274.534-91;RG: 2274.86 SSP/AL;Documento: RG;Área em hectares: 5,4668 ha
027949_001.pdf;Nome: LUIZ JOSE DA SILVA;CPF: 045.274.534-91;RG: 2274.86-SSP-AL;Documento: brasileiro;Área: 5,4668 hectares
027952.pdf;Nome: Manoel Nunes da Silva;CPF: 533.642.444-72;RG: -;Documento: CPF;Área em hectares: 5,6973 ha
028120.pdf;Nome: Edilço de Almeida;CPF: 151.962.914-15;RG: ;Documento: CPF 151.962.914-15;Área em hectares: 13,5943 ha
028418.pdf;Nome: Antonio da Rocha Leite;CPF: 031.790.284-91;RG: ;Documento: CPF-031.790.284-91;Área em hectares: 4,2833 ha
028418_001.pdf;
028423.pdf;Nome: Antonio Ferreira da Silva Filho;CPF: 073.853.234-72;RG: ;Documento: CPF-073.853.234-72;Área em hectares: 11,5005 ha
028423_001.pdf;
028427.pdf;Nome: Antonio José de Albuquerque;CPF: -;RG: 321.100-SSP/AL;Documento: RG-321.100-SSP/AL;Área em hectares: 5,2794 ha
028427_001.pdf;
028431.pdf;Nome: Antonio Luis dos Santos;CPF: ;RG: 393.021-SSP/AL;Documento: RG-393.021-SSP/AL;Área em hectares: 16,3914 ha
028431_001.pdf;Nome: Antonio Luis dos Santos;CPF: ;RG: 393.021/SSP/AL;Documento: ;Área em hectares: 16,3914
028433.pdf;Nome: Antonio Nemezio Carlos dos Santos;CPF: 060.664.964-68;RG: ;Documento: CPF-060.664.964-68;Área em hectares: 12,4256 ha
028433_001.pdf;
028440.pdf;Nome: Antonio Vicente Dias;CPF: ;RG: 315.821-SSP/AL;Documento: RG-315.821-SSP/AL;Área em hectares: 15,5931 ha
028440_001.pdf;
028460.pdf;Nome: Cristovam Nezinho Neto;CPF: ;RG: 580.780-SSP/AL;Documento: RG-580.780-SSP/AL;Área em hectares: 11,9397 ha
028460_001.pdf;
028496.pdf;Nome: Lourival Oliveira de Almeida;CPF: 144.643.144-49;RG: -;Documento: CIC 144.643.144-49;Área em hectares: 7,9810 ha
028508.pdf;Nome: Manoel Antônio da Silva;CPF: 098.822.604-93;RG: ;Documento: CPF 098.822.604-93;Área em hectares: 5,7460 ha
028540.pdf;Nome: Miguel Lopes da Silva;CPF: 027.539.954-00;RG: ;Documento: CPF 027.539.954-00;Área em hectares: 9,4368 ha
028548.pdf;Nome: Otávio Bispo da Silva;CPF: 260.106.904-04;RG: ;Documento: CPF 260.106.904-04;Área em hectares: 6,3871 ha
032162.pdf;Nome: Neuza Percilha da Silva Ferreira;CPF: 524.206.714-49;RG: 567034 SSP/AL;Documento: RG;Área em hectares: 0,0120 ha
032177.pdf;Nome: Pedro Balbino Sobrinho;CPF: 007.278.144-00;RG: 203.970 SSP/AL;Documento: RG;Área em hectares: 0,9526 ha
032195.pdf;Nome: Pedro Xavier de Siqueira;CPF: 468.738.804-34;RG: 533897 SSP/AL;Documento: RG;Área em hectares: 0,0216 ha
032232.pdf;Nome: Amarílio Deodato da Silva;CPF: 222.881.714-72;RG: 390.031 SSP/AL;Documento: RG;Área em hectares: 0,0323 ha
032232_001.pdf;
032238.pdf;Nome: Agenor Luciano da Silva;CPF: ;RG: ;Documento: CTPS. 90209/MT/AL;Área em hectares: 0,0450ha
032238_001.pdf;
032250.pdf;
032250_001.pdf;
032250_002.pdf;
032265.pdf;Nome: Antonio Rodrigues da Silva;CPF: 185.323.574-15;RG: -;Documento: CPF;Área em hectares: 0,0133 ha
032265_001.pdf;
032270.pdf;Nome: Benedito José dos Santos;CPF: 347.735.094-49;RG: 562.398 SSP/AL;Documento: RG;Área em hectares: 0,0179 ha
032270_001.pdf;Nome: Benedito Jose dos Santos;CPF: ;RG: 562 398 SSP/AL;Documento: ;Área em hectares: 0,0179
032290.pdf;Nome: Ernandes Simplício da Silva;CPF: 346.354.834-87;RG: 407.328 SSP/AL;Documento: RG;Área em hectares: 0,0634 ha
032290_001.pdf;
032305.pdf;Nome: Jaime Roberto de Araujo;CPF: 553.821.004-97;RG: -;Documento: CPF;Área em hectares: 0,3335 ha
032305_001.pdf;
032313.pdf;Nome: João Felix de Oliveira;CPF: 524.205.584-72;RG: N/A;Documento: CPF;Área em hectares: 0,1886 ha
032313_001.pdf;
032326.pdf;Nome: Josefa Felix da Silva;CPF: 030.584.184-00;RG: -;Documento: ;Área em hectares: 1,4988 ha
032326_001.pdf;
032340.pdf;
032341.pdf;Nome: Jonas Tertuliano da Silva;CPF: 347.713.874-00;RG: N/A;Documento: CPF;Área em hectares: 0,0815 ha
032341_001.pdf;Nome: Fernando Antonio Albuquerque Pins;CPF: 045.876.890-00;RG: 8.965.741-3;Documento: ;Área em hectares: 96.1
032354.pdf;
032360.pdf;Nome: José Elias Dantas;CPF: 216.020.004-25;RG: 391.348 SSP/AL;Documento: RG;Área em hectares: 0,7730 ha
032360_001.pdf;Nome: José Elias Dantas;CPF: ;RG: ;Documento: ;Área em hectares: 77,30
032362.pdf;Nome: José Felix de Almeida;CPF: ;RG: 227.682 SSP/AL;Documento: 227.682 SSP/AL;Área em hectares: 0,1019 ha
032362_001.pdf;
032367.pdf;Nome: José Ferreira Lima;CPF: 540.580.824-53;RG: 631.502 SSP/AL;Documento: RG;Área em hectares: 0,0359 ha
032367_001.pdf;
032375.pdf;Nome: José Laudelino dos Santos;CPF: -;RG: 694.885 SSP/AL;Documento: RG;Área em hectares: 2,7161 ha
032375_001.pdf;
032377.pdf;Nome: José Limeira Irmão;CPF: 240.777.044-72;RG: 608.820 SSP/AL;Documento: CPF;Área em hectares: 0,0767 ha
032377_001.pdf;
032378.pdf;Nome: José Limeira Sobrinho;CPF: 349.739.744-04;RG: 532.627 SSP/AL;Documento: CPF;Área em hectares: 0,2131 ha
032378_001.pdf;
032394.pdf;Nome: José Tertuliano dos Santos;CPF: 516.481.804-34;RG: 348.675 SSP/AL;Documento: RG;Área em hectares: 0,0677 ha
032394_001.pdf;
032395.pdf;Nome: Paulo Almanço da Silva;CPF: 385.503.514-20;RG: Não informado;Documento: CPF;Área em hectares: 1,5548 ha
032395_001.pdf;
032400.pdf;
032400_001.pdf;
032401.pdf;Nome: Luiz da Silva;CPF: 524.408.774-68;RG: 582.725 SSP/AL;Documento: RG;Área em hectares: 0,0275 ha
032401_001.pdf;
032415.pdf;Nome: Luiz Vicente Jupi;CPF: -;RG: 505.385 SSP/AL;Documento: RG;Área em hectares: 4,8286 ha
032415_001.pdf;
032423.pdf;Nome: Manoel Felix de Araujo;CPF: 215.950.894-20;RG: N/A;Documento: CPF;Área em hectares: 0,0480 ha
032423_001.pdf;Nome: João da Silva;CPF: 123.456.789-00;RG: 12.345.678-9;Documento:  por Usucapião;Área: 10 hectares
032448.pdf;Nome: Maria José Rodrigues;CPF: ;RG: ;Documento: CTPS. 939972 MT/AL;Área em hectares: 1,6202 ha
032448_001.pdf;
032462.pdf;Nome: Noel Tomé dos Santos;CPF: 553.865.714-00;RG: N/A;Documento: CPF;Área em hectares: 0,0898 ha
032478.pdf;Nome: Rosa Lopes;CPF: 543.182.204-78;RG: Não informado;Documento: CPF;Área em hectares: 0,0296 ha
032478_001.pdf;
032504.pdf;Nome: Antonio Ferreira de Souza;CPF: 533.642.104-97;RG: ;Documento: CPF-533.642.104-97;Área em hectares: 5,1966 ha
032504_001.pdf;Nome: Antonio Ferreira de Souza;CPF: ;RG: ;Documento: Processo Administrativo nº ALANF/RF 5489/85;Área em hectares: 2.000
032510.pdf;Nome: Antonio José Sobrinho;CPF: 038.282.804-63;RG: 334.270-SSP/AL;Documento: RG-334.270-SSP/AL CPF-038.282.804-63;Área em hectares: 1,7195 ha
032510_001.pdf;Nome: Antonio José Sobrinho;CPF: 038 282 804 63;RG: 334 270 SSP/AL;Documento: Documento de identidade;Área em hectares: 1,7195
032537.pdf;Nome: Adauto dos Santos;CPF: 364.391.184-04;RG: 437.219-SSP/AL;Documento: RG-437.219-SSP/AL CPF-364.391.184-04;Área em hectares: 2,2725 ha
032537_001.pdf;
032539.pdf;Nome: Augusto Felix da Silva;CPF: 511.791.564-04;RG: -;Documento: CPF-511.791.564-04;Área em hectares: 2,1022 ha
032539_001.pdf;
032546.pdf;Nome: ANGELITA JOVELINA;CPF: 227.307.104-34;RG: 651.026-SSP/AL;Documento: RG-651.026-SSP/AL;Área em hectares: 0,6495 ha
032546_001.pdf;Nome: Jussory Walde Sensit;CPF: 32546;RG: ;Documento: Título;Área: 19 87 hectares
032547.pdf;Nome: Alealdo Lino dos Santos;CPF: 348.788.824-68;RG: ;Documento: CPF-348.788.824-68;Área em hectares: 4,2433 ha
032547_001.pdf;
032551.pdf;Nome: Abraão Marinho Santana;CPF: 136.175.404-49;RG: 300.951-SSP/AL;Documento: RG-300.951-SSP/AL CPF-136.175.404-49;Área em hectares: 1,3735 ha
032551_001.pdf;
032557.pdf;Nome: Benedito Antonio da Silva;CPF: 162.649.754-00;RG: 198.863-SSP/AL;Documento: RG-198.863-SSP/AL CPF-162.649.754-00;Área em hectares: 2,7014 ha
032557_001.pdf;I
032558.pdf;Nome: Bertoldo Conrado da Silva;CPF: 516.485.554-20;RG: ;Documento: CPF-516.485.554-20;Área em hectares: 3,1695 ha
032558_001.pdf;
032563.pdf;Nome: Manoel Guilherme da Silva;CPF: ;RG: 223.462 SSP/AL;Documento: RG;Área em hectares: 9,5503 ha
032563_001.pdf;
032568.pdf;Nome: Cícero Alves da Silva;CPF: 027.548.514-53;RG: 296.952-SSP/AL;Documento: RG-296.952-SSP/AL CPF-027.548.514-53;Área em hectares: 18.8292 ha
032568_001.pdf;
032574.pdf;Nome: Cícero Luis da Silva;CPF: 382.334.014-04;RG: 565.794-SSP/AL;Documento: RG-565.794-SSP/AL CPF-382.334.014-04;Área em hectares: 0,0788 ha
032574_001.pdf;
032595.pdf;Nome: ERUNDINO GONÇALVES LIMA;CPF: ;RG: 461.754-SSP/AL;Documento: RG-461.754-SSP/AL;Área em hectares: 10,4692 ha
032595_001.pdf;
032599.pdf;Nome: Erinaldo Luis dos Santos;CPF: 359.796.404-44;RG: 557.322-SSP/AL;Documento: RG-557.322-SSP/AL;Área em hectares: 6,2689 ha
032599_001.pdf;
032606.pdf;Nome: Francisco Cabral de Oliveira;CPF: 185.347.834-20;RG: 294.137-SSP/AL;Documento: RG-294.137-SSP/AL CPF-185.347.834-20;Área em hectares: 0,0785 ha
032606_001.pdf;
032609.pdf;Nome: Francisco Ferreira de Paula;CPF: 269199584-49;RG: 279.746-SSP/AL;Documento: RG-279.746-SSP/AL CPF-269199584-49;Área em hectares: 31,6609 ha
032609_001.pdf;Nome: Francisco Ferreira de Paula;CPF: 269199584-49;RG: 279.746-SSP/AL;Documento: RG-279.746-SSP/AL CPF-269199584-49;Área em hectares: 31,6609 ha
032612.pdf;Nome: Florisval José da Silva;CPF: 327.743.384-68;RG: 447.287-SSP/AL;Documento: CPF-327.743.384-68 RG-447.287-SSP/AL;Área em hectares: 5,6434 ha
032612_001.pdf;Nome: Fernando Antonio Albuquerque Dias;CPF: ;RG: ;Documento: ;Área em hectares:
032613.pdf;Nome: Floriano Luis da Silva;CPF: 349.812.417-04;RG: 146.688-SSP/AL;Documento: RG- 146.688-SSP/AL CPF-349.812.417-04;Área em hectares: 5,2826 ha
032613_001.pdf;
032625.pdf;Nome: Geruza Rosa de Oliveira;CPF: -;RG: 625.826;Documento: RG-625.826;Área em hectares: 7,9287 ha
032625_001.pdf; I
032636.pdf;Nome: João Barbosa de Albuquerque;CPF: 068.189.274-91;RG: 570.680-AL;Documento: RG-570.680-AL;Área em hectares: 7,2794 ha
032636_001.pdf;
032639.pdf;Nome: João Bezerra de Lima;CPF: ;RG: ;Documento: C.C- 666-FLS-34/35-LIV-15;Área em hectares: 1,6256 ha
032639_001.pdf;
032650.pdf;Nome: João Ferreira da Silva;CPF: 042.223.349;RG: 706.679-SSP/PR;Documento: CPF-042.223.349-RG-706.679-SSP/PR;Área em hectares: 15,3835 ha
032650_001.pdf;Nome: João Ferreira da Silva;CPF: 042 223 349 89;RG: 706 679 SSP/PR;Documento: Documento de identidade;Área em hectares: 15,3835
032653.pdf;Nome: João Gomes de Araújo;CPF: 031.792.494-04;RG: 230.297-SSP/AL;Documento: RG-230.297-SSP/AL CPF-031.792.494-04;Área em hectares: 6,1653 ha
032653_001.pdf;Nome: João Gomes de Araujo;CPF: 031 792 494 04;RG: 230 297 SSP/AL;Documento: Processo Administrativo nº CNF/RF 0065/86;Área em hectares: 6,1653ha
032665.pdf;Nome: João Sebastião Martins;CPF: 020.980.914-00;RG: 189.093-SSP/AL;Documento: RG-189.093-SSP/AL CPF-020.980.914-00;Área em hectares: 6,0273 ha
032665_001.pdf;
032674.pdf;Nome: JOSEJA CÍCERA DA SILVA;CPF: 277.775.374-15;RG: 428.076-SSP/AL;Documento: RG-428.076-SSP/AL CPF-277.775.374-15;Área em hectares: 11,8556 ha
032674_001.pdf;Nome: Josefa Cicera da Silva;CPF: 277 775 374 15;RG: 428 076/AL;Documento: Livro da Comarca de Arapiraca;Área em hectares: 11,8556
032677.pdf;Nome: Júlio Antonio da Silva;CPF: 027.421.604-34;RG: 476.795 SSP/AL;Documento: RG-476.795SSP/ALCPF-027.421.604-34;Área em hectares: 7,2984 ha
032677_001.pdf;
032687.pdf;Nome: José Alexandre Barbosa;CPF: 064.018.484-72;RG: ;Documento: CPF-064.018.484-72;Área em hectares: 13,6102 ha
032687_001.pdf;
032699.pdf;Nome: José Barbosa da Silva;CPF: 215.821.904-10;RG: 391.246-SSP/AL;Documento: RG-391.246-SSP/AL CPF-215.821.904-10;Área em hectares: 1,6789 ha
032699_001.pdf;Nome: José Barbosa da Silva ;CPF: 215.821.904-10 ;RG: 391.242/AL ;Documento: TC ;Área em hectares: 77,79
032704.pdf;Nome: José Bernadino Neto;CPF: ;RG: 203.289-SSP/AL;Documento: RG-203.289-SSP/AL;Área em hectares: 8,1424 ha
032704_001.pdf;
032705.pdf;Nome: José Batista da Silva;CPF: 049.371.124-49;RG: 168.077-SSP/AL;Documento: CPF-049.371.124-49 RG-168.077-SSP/AL;Área em hectares: 0,1330 ha
032705_001.pdf;
032706.pdf;Nome: José Batista da Silva;CPF: 049.371.124.49;RG: 168.077-SSP/AL;Documento: 049.371.124.49 RG-168.077-SSP/AL;Área em hectares: 5,9196 ha
032706_001.pdf;
032709.pdf;Nome: José Candido da Silva;CPF: ;RG: 296.963;Documento: RG-296.963;Área em hectares: 2,4531 ha
032709_001.pdf;I
032714.pdf;Nome: José Domingos Nobre;CPF: 007.974.724-87;RG: -;Documento: CPF-007.974.724-87;Área em hectares: 12,5873 ha
032714_001.pdf;
032715.pdf;Nome: José Domingos da Silva;CPF: 039.658.804-20;RG: 264.976-SSP/AL;Documento: RG-264.976-SSP/AL CPF-039.658.804-20;Área em hectares: 2,7162 ha
032715_001.pdf;
032723.pdf;Nome: José Djalma Rocha;CPF: 005.528.104-44;RG: -;Documento: CPF-005.528.104-44;Área em hectares: 34,3413 ha
032723_001.pdf;Nome: Fernando Antonio Albuquerque Dias;CPF: ;RG: ;Documento: ; Área em hectares:
032734.pdf;Nome: José Ferreira dos Santos;CPF: 060.653.504-78;RG: 237.220-SSP/AL;Documento: CPF-060.653.504-78 RG-237.220-SSP/AL;Área em hectares: 18,3239 ha
032734_001.pdf;Nome: Jose Ferreira dos Santos;CPF: 060 653 504 78;RG: 237 220/AL;Documento: ;Área em hectares: 18,3239
032735.pdf;Nome: José Febronio dos Santos;CPF: -;RG: 205.348-SSP/AL;Documento: RG-205.348-SSP/AL;Área em hectares: 13,8619 ha
032735_001.pdf;
032741.pdf;Nome: José Gregório Barbosa;CPF: 210.575.084-20;RG: 142.940-SSP/AL;Documento: RG-142.940-SSP/AL CPF-210.575.084-20;Área em hectares: 2,9758 ha
032741_001.pdf;Nome: José Ferreira dos Santos;CPF: 060.653.504-78;RG: 237.220-SSP/AL;Documento: CPF-060.653.504-78 RG-237.220-SSP/AL;Área em hectares: 18,3239 ha
032741_002.pdf;
032748.pdf;Nome: José Helio Ferreira Pessoa;CPF: 099.343.834-20;RG: 272.867-SSP/AL;Documento: RG-272.867-SSP/AL CPF-099.343.834-20;Área em hectares: 10,3252 ha
032748_001.pdf;Nome: Fernando Antonio Albuquerque Dias;CPF: ;RG: ;Documento: ;Área em hectares:
032749.pdf;Nome: José Inácio da Silva;CPF: 007.277.504-10;RG: 109.799-SSP/AL;Documento: RG-109.799-SSP/AL CPF-007.277.504-10;Área em hectares: 10,7566 ha
032749_001.pdf;Nome: Fernando Antonio Albuquerque Dias;CPF: ;RG: ;Documento: ;Área em hectares:
032750.pdf;Nome: José Inácio da Silva;CPF: 007.277.504-10;RG: 109.799-SSP/AL;Documento: CPF-007.277.504-10 RG-109.799-SSP/AL;Área em hectares: 4,8758 ha
032750_001.pdf;
032753.pdf;Nome: José Januário dos Santos;CPF: 068.399.404-20;RG: 476.706-SSP/AL;Documento: CPF-068.399.404-20 RG-476.706-SSP/AL;Área em hectares: 2,3023 ha
032753_001.pdf;Nome: Fernando Antonio Albuquerque Dias;CPF: ;RG: ;Documento: ;Área em hectares:
032757.pdf;Nome: Francelino Deodato da Silva;CPF: 524.177.864-00;RG: 027.452 SSP/AL;Documento: RG;Área em hectares: 0,0412 ha
032759.pdf;Nome: José Januário dos Santos;CPF: 033.165.304-44;RG: 711.431-SSP/AL;Documento: RG-711.431-SSP/AL CPF-033.165.304-44;Área em hectares: 15,7434 ha
032759_001.pdf;
032763.pdf;Nome: José Luiz de Souza;CPF: 144.630.594-53;RG: 301.475-SSP/AL;Documento: RG-301.475-SSP/AL CPF-144.630.594-53;Área em hectares: 15,0534 ha
032763_001.pdf; I
032768.pdf;Nome: Lino dos Santos;CPF: 151 773 784/20;RG: 64037857;Documento: CPF;Área: 603,8054 hectares
032769.pdf;Nome: José Lino dos Santos;CPF: 151.773.784-20;RG: 489.936-SSP/AL;Documento: RG- 489.936-SSP/AL CPF-151.773.784-20;Área em hectares: 3,8054 ha
032776.pdf;Nome: José Otacílio Pereira;CPF: 005.526.074-87;RG: ;Documento: CPF-005.526.074-87;Área em hectares: 6,3120 ha
032776_001.pdf;
032789.pdf;Nome: José Santos da Silva;CPF: 007.963.874-00;RG: ;Documento: CPF-007.963.874-00;Área em hectares: 6,2428 ha
032789_001.pdf;
032802.pdf;Nome: José Vicente da Silva;CPF: 027.419.894-00;RG: 338.512-SSP/AL;Documento: RG-338.512-SSP/AL CPF 027.419.894-00;Área em hectares: 25,9058 ha
032802_001.pdf;
032808.pdf;Nome: Luis Barbosa de Albuquerque;CPF: 162.536.204-87;RG: 147.836-SSP/AL;Documento: CPF-162.536.204-87 RG-147.836-SSP/AL;Área em hectares: 8,2912 ha
032808_001.pdf;Nome: Luis Barbosa de Albuquerque ;CPF: 162 536 204 87 ;RG: 147 836/AL ;Documento: Documento de identidade ;Área em hectares: 8,2912ha
032810.pdf;Nome: Luiz Bernardo de Oliveira;CPF: 007.226.504.34;RG: 128.867-SSP/AL;Documento: RG-128.867-SSP/AL;Área em hectares: 7,6129 ha
032810_001.pdf;Nome: Luis Bernardo de Oliveira ;CPF: 007 226 650 043/4 ;RG: 128.867/AL ;Documento: Processo Administrativo nº AL NF/RF 4947/85 ;Área em hectares: 7,6129
032811.pdf;Nome: Luiz Bernardo de Oliveira;CPF: 007.226.504-34;RG: 128.867-SSP/AL;Documento: RG-128.867-SSP/AL CPF-007.226.504-34;Área em hectares: 4,1477 ha
032811_001.pdf;Nome: Governador do Estado;CPF: -;RG: -;Documento: Tesemina;Área em hectares: -
032822.pdf;Nome: Luiz Padilha de Assis;CPF: 553.874.114-15;RG: -;Documento: CPF-553.874.114-15;Área em hectares: 10,2256 ha
032822_001.pdf;Nome: Luis Padilha de Assis;CPF: 553 874 114/15;RG: ;Documento: ;Área em hectares: 10,2256
032823.pdf;Nome: Luiz Padilha de Assis;CPF: 553.874.114-15;RG: ;Documento: CPF-553.874.114-15;Área em hectares: 3,4639 ha
032823_001.pdf;Nome: Luiz Padilha de Assis ;CPF: 553 874 114/15 ;RG: 246 026 032 220/4 ;Documento: Es ;Área em hectares: 3,4639
032840.pdf;Nome: Martiliano Antonio da Silva;CPF: 027.425.274-00;RG: 411.350-SSP/AL;Documento: RG-411.350-SSP/AL CPF-027.425.274-00;Área em hectares: 17,5747 ha
032840_001.pdf;Nome: Geraldo Bulhões;CPF: ;RG: ;Documento: ;Área em hectares: 17
032856.pdf;
032856_001.pdf;
032857.pdf;Nome: Maria Cardoso de Oliveira;CPF: 295.775.543-72;RG: 477.209-SSP/AL;Documento: CPF-295.775.543-72 RG-477.209-SSP/AL;Área em hectares: 11,4543 ha
032857_001.pdf;
032860.pdf;Nome: Maria Estevão da Silva;CPF: ;RG: 442.388-SSP/AL;Documento: RG-442.388-SSP/AL;Área em hectares: 1,8662 ha
032860_001.pdf;
032861.pdf;Nome: Maria Ferreira de Albuquerque;CPF: -;RG: 694.813-SSP/AL;Documento: RG-694.813-SSP/AL;Área em hectares: 1,3001 ha
032861_001.pdf;
032863.pdf;Nome: Maria Hilária da Conceição;CPF: ;RG: ;Documento: C.NASC-2496-FLS-03/LA4;Área em hectares: 11,3809 ha
032863_001.pdf;
032870.pdf;Nome: Maria Pereira de Lourdes;CPF: ;RG: 385.673-SSP/AL;Documento: RG-385.673-SSP/AL;Área em hectares: 5,2944 ha
032870_001.pdf;
032873.pdf;Nome: Maria Vânia da Silva;CPF: 348.231.074-20;RG: 508.346-SSP/AL;Documento: CPF-348.231.074-20 RG- 508.346-SSP/AL;Área em hectares: 0,7641 ha
032873_001.pdf;Nome: Maria Vânia da Silva;CPF: 348 231 074 246;RG: 508 346 SSP/AL;Documento: Documento de identidade;Área em hectares: 0,7641ha
032882.pdf;Nome: Manoel Batista;CPF: 068.120.664-00;RG: N/A;Documento: 068.120.664-00;Área em hectares: 10,0378 ha
032882_001.pdf;
032886.pdf;
032886_001.pdf;Nome: Manoel Barbosa Sobrinho;CPF: 049 348 064 15;RG: 237 808 SSP/AL;Documento: ;Área: 5,2718 hectares
032902.pdf;Nome: Manoel Fernandes da Silva;CPF: 037.863.034-91;RG: 348.644-SSP/AL;Documento: RG-348.644-SSP/AL CPF-037.863.034-91;Área em hectares: 12,0334 ha
032902_001.pdf;
032909.pdf;Nome: Manoel José dos Santos;CPF: 533.501.384-20;RG: ;Documento: CPF-533.501.384-20;Área em hectares: 0,0591 ha
032909_001.pdf;Nome: Manoel José dos Santos;CPF: 533.501.384-20;RG: ;Documento: CPF-533.501.384-20;Área em hectares: 0,0591 ha
032915.pdf;Nome: Manoel Messias dos Santos;CPF: 068.174.084-15;RG: 472.432-SSP/AL;Documento: RG-472.432-SSP/AL CPF-068.174.084-15;Área em hectares: 14,5144 ha
032915_001.pdf;Nome: Manoel Messias dos Santos;CPF: 068 174 084 15;RG: 472 432 SSP/AL;Documento: Processo Administrativo nºNF/RF 1254/85;Área: 14,5144 hectares
032919.pdf;Nome: Manoel Rolim Nunes;CPF: 039.534.754-84;RG: 233.441-SSP/AL;Documento: RG-233.441-SSP/AL CPF-039.534.754-84;Área em hectares: 15,3089
032919_001.pdf;Nome: Manoel Rolim Nunes ;CPF: 039 534 754 84 ;RG: 233 441 SSP/AL ;Documento: Casado ;Área: 15,3089 hectares
032921.pdf;Nome: Manoel Tertuliano da Silva;CPF: 020.991.444-00;RG: -;Documento: CPF-020.991.444-00;Área em hectares: 12,0239 ha
032921_001.pdf;Nome: Manoel Tertuliano da Silva;CPF: 02099144400;RG: 126141SSP/AL;Documento: Processo Administrativo nº NF/RF 4941/85;Área: 12,0239ha
032922.pdf;Nome: Manoel Tertuliano da Silva;CPF: 020.991.444-00;RG: ;Documento: CPF-020.991.444-00;Área em hectares: 12,1358 ha
032922_001.pdf;Nome: Manoel Tertiluano da Silva;CPF: ;RG: ;Documento: ;Área em hectares:
032931.pdf;Nome: NIVALDO TORRES;CPF: 049.528.044-53;RG: ;Documento: CPF-049.528.044-53;Área em hectares: 3,0020 ha
032931_001.pdf;
032942.pdf;Nome: Osman Ferreira de Albuquerque;CPF: 087.167.304-53;RG: 180.731-SSP/AL;Documento: RG-180.731-SSP/AL CPF-087.167.304-53;Área em hectares: 1,0308 ha
032942_001.pdf;Nome: Osman Ferreira de Albuquerque;CPF: 087.329.421-53;RG: 180.731 SSP/AL;Documento: ;Área: 1,0308 hectares
032943.pdf;Nome: Olívio França de Souza;CPF: 553.844.124-53;RG: -;Documento: CPF-553.844.124-53;Área em hectares: 2,2674 ha
032943_001.pdf;Nome: Olivio França de Souza;CPF: ;RG: ;Documento: ;Área em hectares: 117
032947.pdf;Nome: Ozar Oliveira dos Santos;CPF: 301.733.964-53;RG: 607.425-SSP/AL;Documento: CPF-301.733.964-53 RG-607.425-SSP/AL;Área em hectares: 1,7682 ha
032947_001.pdf;Nome: Ozar Oliveira dos Santos;CPF: ;RG: ;Documento: ;Área em hectares: 1,7682
032957.pdf;Nome: Pedro Antonio da Silva;CPF: 076.315.704-00;RG: 407.330-SSP/AL;Documento: RG- 407.330-SSP/AL CPF-076.315.704-00;Área em hectares: 1,7778 ha
032957_001.pdf;Nome: Pedro Antonio da Silva ;CPF: 076 315 704 ;RG: 407 330 SSP/AL ;Documento: 04.00 STAL ;Área em hectares: 1,7778
032964.pdf;Nome: Pedro Francisco da Silva;CPF: 060.647.524-91;RG: 708.765-SSP/AL;Documento: RG-708.765-SSP/AL CPF-060.647.524-91;Área em hectares: 23,7134 ha
032964_001.pdf;
032967.pdf;Nome: Pedro Juvino da Silva;CPF: 293.650.154-72;RG: 412.853-SSP/AL;Documento: RG- 412.853-SSP/AL CPF-293.650.154-72;Área em hectares: 8,0419 ha
032967_001.pdf;
032981.pdf;Nome: Pedro Tranquilino dos Santos;CPF: 049.374.224-72;RG: -;Documento: CPF-049.374.224-72;Área em hectares: 11,0288 ha
032981_001.pdf;Nome: Governador do Estado de Alagoas;CPF: -;RG: -;Documento: -;Área em hectares: -
032982.pdf;Nome: Pedro Tertuliano da Silva;CPF: 020.987.094-04;RG: 70.577-SSP/AL;Documento: CPF-020.987.094-04 RG-70.577-SSP/AL;Área em hectares: 18,4669 ha
032982_001.pdf;Nome: Pedro Tertuliano da Silva;CPF: 020 987 094 04;RG: 026 011 479 2;Documento: 70.577 SSP/AL;Área em hectares: 18,4669ha
032983.pdf;Nome: Pedro Tertuliano da Silva;CPF: 020.987.094-04;RG: 70.577-SSP/AL;Documento: RG-70.577-SSP/AL CPF-020.987.094-04;Área em hectares: 28,7210 ha
032983_001.pdf;
032986.pdf;Nome: Rivaldo Ferreira de Albuquerque;CPF: 210.582.024-72;RG: 321.122-SSP/AL;Documento: RG-321.122-SSP/AL;Área em hectares: 8,4368 ha
032986_001.pdf;Nome: Rivaldo Ferreira de Albuquerque ;CPF: 210 582 024 72 ;RG: 321 122 SSP/AL ;Documento: Documento de identidade;Área em hectares: 8,4368
032987.pdf;Nome: Rosendo José dos Santos;CPF: 020.981.214-15;RG: 235.774-N.°SSP/AL;Documento: RG-235.774-N.°SSP/AL CPF-020.981.214-15;Área em hectares: 6,1844 ha
032987_001.pdf;
032988.pdf;Nome: Rosa Maria da Conceição;CPF: ;RG: ;Documento: CTPS-587-AL;Área em hectares: 3,2078 ha
032988_001.pdf;Nome: Rosa Maria da Conceição;CPF: ; RG: ; Documento: ; Área em hectares: 
032998.pdf;Nome: Sebastião Brito de Lima;CPF: 060.267.104-34;RG: 330.828-SSP/AL;Documento: RG-330.828-SSP/AL CPF-060.267.104-34;Área em hectares: 4,6418 ha
032998_001.pdf;
033003.pdf;Nome: Severino José da Silva;CPF: 295.777.724-04;RG: 406.332-SSP/AL;Documento: RG-406.332-SSP/AL CPF-295.777.724-04;Área em hectares: 3,1121 ha
033003_001.pdf;Nome: Severino Jose da Silva;CPF: 295.777.724-04;RG: 406.332-AL;Documento: Casado;Área em hectares: 3.1121
033012.pdf;Nome: Tertulino Bernardo de Oliveira;CPF: 008.092.684-34;RG: -;Documento: CPF-008.092.684-34;Área em hectares: 16,1696 ha
033012_001.pdf;
033023.pdf;Nome: Valfrido Neto Cezar;CPF: 088.062.024-04;RG: 131.658-SSP/AL;Documento: CPF-088.062.024-04 RG-131.658-SSP/AL;Área em hectares: 8,4406 ha
033023_001.pdf;Nome: Valfrido Neto Cezar;CPF: 088.062.024-04;RG: 131.658/AL;Documento: ;Área em hectares: 8,4406 ha
033024.pdf;Nome: Valfrido Neto Cezar;CPF: 088.062.924;RG: 131.658-SSP/AL;Documento: CPF-088.062.924-RG-131.658-SSP/AL;Área em hectares: 11,3014 ha
033024_001.pdf;Nome: Valfrido Neto Cezar;CPF: 088.062.924-SERROTE;RG: 131.658.AL;Documento: Documento de identidade;Área em hectares: 11,3014
033462.pdf;
033765.pdf;Nome: Antônio Paulo Moura;CPF: 309.956.124-04;RG: 722.344 SSP/AL;Documento: ;Área em hectares: 0,0372 ha
033845.pdf;Nome: João Cavalcante;CPF: 007.278.654-04;RG: -;Documento: CPF 007.278.654-04;Área em hectares: 1,0753 ha
033894.pdf;Nome: José Lourenço Rocha Neto;CPF: 061.375.474-34;RG: ;Documento: CPF 061.375.474-34;Área em hectares: 3,2152 ha
033969.pdf;Nome: Natanias Correia da Silva;CPF: 061.172.524-00;RG: ;Documento: CPF 061.172.524-00;Área em hectares: 2,6052 ha
033970.pdf;Nome: Nelson José da Silva;CPF: 007.967.194-20;RG: ;Documento: CPF 007.967.194-20;Área em hectares: 10,3063 ha
033973.pdf;Nome: Otávio Ferreira Lima;CPF: 027.417.764-15;RG: -;Documento: CPF 027.417.764-15;Área em hectares: 5,2574 ha
033983.pdf;Nome: Pedro Galdino da Silva;CPF: 035.852.552.554-34;RG: ;Documento: CPF 035.852.552.554-34;Área em hectares: 1,8181 ha
033998.pdf;Nome: Salvador Francisco dos Santos;CPF: 342.113.814-15;RG: ;Documento: CPF 342.113.814-15;Área em hectares: 1,1404 ha
034548.pdf;Nome: Antonio Ferreira da Silva Filho;CPF: 073.853.234-72;RG: 223.514 SSP/AL;Documento: RG;Área em hectares: 7,9891 ha
034548_001.pdf;Nome: Antonio Ferreira da Silva Filho ;CPF: 073.853.234.72 ;RG: 223.514-SSP/AL ;Documento: ;Área em hectares: 7,9891 ha (SETE HECT.NOVENTA E OITO ARES E NOVENTA E UM CENTIARES)
035659.pdf;Nome: Antonio Laurentino da Silva;CPF: 308.356.754-15;RG: -;Documento: CPF;Área em hectares: 0,4019 ha
035659_001.pdf; Nome: Antonio Laurentino da Silva;CPF: 308.356.754-15;RG: -;Documento: CPF;Área em hectares: 0,4019 ha
035660.pdf;Nome: Antonio Manoel da Silva;CPF: 240.788.404-34;RG: 322.834 SSP/AL;Documento: RG;Área em hectares: 10
035660_001.pdf;
035664.pdf;
035666.pdf;
035696.pdf;Nome: Cícero Alves da Silva;CPF: 027.548.514-53;RG: 296.952 SSP/AL;Documento: RG;Área em hectares: 1,7417 ha
035696_001.pdf;Nome: Cicero Alves da Silva ;CPF: ;RG: ;Documento: Documento de identidade ;Área em hectares: 1,7417ha
035702.pdf;Nome: Cândido Floriano da Silva;CPF: 026.317.504-97;RG: 109.504;Documento: RG;Área em hectares: 1,0150 ha
035702_001.pdf;Nome: Candido Floriano da Silva;CPF: 109 504 SSP/AL;RG: -;Documento: Documento de identidade brasileiro;Área em hectares: 1,0150
035757.pdf;
035853.pdf;Nome: José Azarias de Farias;CPF: 318.429.414-53;RG: 631.778 SSP/AL;Documento: RG;Área em hectares: 0,1046 ha
035853_001.pdf;
035887.pdf;Nome: José Feitosa de Lima;CPF: ;RG: ;Documento: C.T. 26.932;Área em hectares: 0,0287 ha
035887_001.pdf;Nome: José Feitosa de Lima;CPF: ;RG: ;Documento: 26.932;Área em hectares: 0,0287
035910.pdf;Nome: José Gonçalo Pereira;CPF: -;RG: 277.373 SSP/AL;Documento: RG;Área em hectares: 0,6596 ha
035910_001.pdf;
035929.pdf;
035929_001.pdf;Nome: José Luiz dos Santos ;CPF: 383 484 854 34 ;RG: ;Documento: ;Área em hectares: 0,0729
035934.pdf;
035934_001.pdf;Nome: José Luis da Silva;CPF: 346.385.714-68;RG: 485.927 SSP/AL;Documento: RG;Área em hectares: 0,6013 ha
035938.pdf;
035938_001.pdf;Nome: José Limeira Irmão;CPF: 280.585.504-97;RG: 447.243 SSP/AL;Documento: RG;Área em hectares: 1,1811 ha
036009.pdf;Nome: Josefa Maria da Silva;CPF: 511.786.134-53;RG: 074.450 SSP/AL;Documento: CPF;Área em hectares: 0,2289 ha
036009_001.pdf;Nome: Josefa Maria da Silva;CPF: ;RG: ;Documento: Documento de identidade;Área em hectares: 0,2289 ha
036013.pdf;
036013_001.pdf;Nome: Josefa Rodrigues da Conceição;CPF: 533.675.294-00;RG: 1.779.969/SSP/PE;Documento: ;Área em hectares: 1,6543 ha e 1,4709 ha
036014.pdf;Nome: Josefa Rodrigues da Conceição;CPF: ;RG: ;Documento: Documento de identidade;Área em hectares: 1,4709ha
036014_001.pdf;Nome: Jason José da Silva;CPF: 533.675.294-00;RG: 1.779.969/SSP/PE;Documento: ;Área em hectares: 1,6543 ha e 1,4709 ha
036066.pdf;Nome: Manoel Francisco;CPF: 164.925.794-53;RG: 623.771 SSP/AL;Documento: RG;Área em hectares: 0,5212 ha
036066_001.pdf;
036092.pdf;Nome: Manoel Vicente da Silva;CPF: 454.120.304-91;RG: 727605 SSP/AL;Documento: RG;Área em hectares: 2,7704 ha
036092_001.pdf;.Nome: Manoel Vicente da Silva;CPF: 6675/85;RG: 727605-SSP-AL;Documento: ; Área: 2 hectares, 77 ares, 04 centiares
036133.pdf;Nome: Maria Tereza da Conceição;CPF: 542.894.164-20;RG: Não informado;Documento: CPF;Área em hectares: 0,3486 ha
036133_001.pdf;Nome: Maria Tereza da Conceição;CPF: ;RG: ;Documento: Documento de identidade;Área em hectares: 0,3486ha
036143.pdf;Nome: Maria Felix da Silva;CPF: ;RG: 398.158 SSP/AL;Documento: RG;Área em hectares: 0,9267 ha
036143_001.pdf;
036159.pdf;Nome: Nercília Francisca da Conceição;CPF: ;RG: ;Documento: CTPS. 54357/MT/AL;Área em hectares: 0,0081 ha
036159_001.pdf;Nome: Jaques França de Oliveira;CPF: 999;RG: N/A;Documento:
036162.pdf;Nome: Aneuza Percilha da Silva Ferreira;CPF: ;RG: 567034-SSP-AL;Documento: RG;Área em hectares:
036177.pdf;Nome: Fernando Antonio Literque Dias;CPF: ;RG: ;Documento: 203.970.SSP/AL;Área em hectares: 0,9526 ha
036195.pdf;Nome: Pedro Xavier de Siqueira ;CPF: ;RG: 533897-SSP-AL ;Documento: Título Definitivo de Propriedade ;Área em hectares: 2,16
036208.pdf;Nome: Severino Ferreira da Silva;CPF: 319.437.994-15;RG: 379361 SSP/AL;Documento: RG;Área em hectares: 1,2693 ha
036208_001.pdf;Nome: Estado de Alagoas;CPF: -;RG: 379361-SSP-AL;Documento: Processo Administrativo PF/RF/5548/85;Área em hectares: 91,2693ha
036222.pdf;Nome: Tereza Atalaia Nunes;CPF: 509.471.334-53;RG: ;Documento: CTPS: 66489--MT-AL;Área em hectares: 1,5890 ha
036222_001.pdf;Nome: Tereza Atalaia Nunes ;CPF: ;RG: 66489-MT-AL ;Documento: ;Área em hectares: 1,589099
063146.pdf;Nome: João Delmiro de Lima;CPF: 382.517.524-34;RG: ;Documento: C.P.F. N° 382.517.524-34;Área em hectares: 0,0241 ha
063197.pdf;Nome: Maria do Carmo Santos Souza;CPF: 098.691.234-49;RG: ;Documento: C.P.F.N° 098.691.234-49;Área em hectares: 0,5152 ha
063198.pdf;Nome: Maria do Carmo Santos Souza;CPF: 098.691.234-49;RG: -;Documento: C.P.F. N° 098.691.234-49;Área em hectares: 0,0473 ha
063217.pdf;Nome: Nilo Lourenço Rocha;CPF: 088.263.154-34;RG: ;Documento: C.P.F.;Área em hectares: 0,0319 ha
063268.pdf;Nome: Luiz Eduardo Nunes de Oliveira;CPF: 085.553.385-49;RG: ;Documento: CPF.085.553.385-49;Área em hectares: 0,7371 ha
063269.pdf;Nome: Maria das Dores de Almeida;CPF: 026.247.964-87;RG: ;Documento: CPF 026.247.964-87;Área em hectares: 5,4116 ha
063279.pdf;Nome: João Pedro da Silva Oliveira;CPF: 026.330.784-00;RG: ;Documento: CPF 026.330.784-00;Área em hectares: 15.5437 ha
063297.pdf;
063321.pdf;Nome: Francisca Santos Souza;CPF: 129.587.514-49;RG: ;Documento: C.P.F.N° 129.587.514-49;Área em hectares: 0,0503 ha
063391.pdf;Nome: Ingrácia Severina Lopes;CPF: ;RG: ;Documento: C.T.P.S N°017819;Área em hectares: 0,0235 ha
072942.pdf;Nome: Josefa Maria dos Santos;CPF: 346.494.924-91;RG: -;Documento: CPF;Área em hectares: 0,6181 ha
072942_001.pdf;
