Nº TÍTULO;NOME;CPF;RG;DOCUMENTO;ÁREA (ha)
028404.pdf;Nome: João Antonio Bezerra ;CPF: 330213504-10 ;RG: 28404 ;Documento: ;Área em hectares: 75,5106 ha
028405.pdf;Nome: José Evio Tenório Melo;CPF: 348.772.664-53;RG: ;Documento: ;Área em hectares: 61,0074 ha
028897.pdf;
029464.pdf;Nome: Isnaldo de França Matta;CPF: 208/87;RG: -;Documento: ;Área: 213 hectares
029469.pdf;Nome: José Francisco Bezerra;CPF: 350.839.214-72;RG: solteiro;Documento: ;Área: 12,7308 hectares
029475.pdf;
029480.pdf;Nome: ;CPF: ;RG: ;Documento: ;Área em hectares: 
029483.pdf;Nome: Manoel Joaquim Bezerra ;CPF: 29483242012 ;RG: 006092 ;Documento: ;Área em hectares: 1,6142
029485.pdf;
029491.pdf;Nome: Pedro Barbosa da Silva;CPF: ;RG: ; Documento: ;Área em hectares:
029495.pdf;Nome: ;CPF: ;RG: ;Documento: ;Área em hectares: 
029670.pdf;Nome: Isnaldo de França Matta;CPF: -;RG: -;Documento: ;Área em hectares: -
029684.pdf;Nome: Antonio Saturnino de Oliveira;CPF: 088.050.674-15;RG: ;Documento: 242012.004081;Área em hectares: 29,9160
029701.pdf;Nome: Minio Dedário de Melo Brandão;CPF: 039745964-53;RG: 2.336AL;Documento: ;Área: 32,3714 hectares
029706.pdf;Nome: Edimar Barbosa Lima;CPF: 302030584-53;RG: 242012003875;Documento: CPF;Área: 73,3248 hectares
029709.pdf;Nome: Eduardo Lino Moreira;CPF: ;RG: ;Documento: ;Área em hectares:
029721.pdf;Nome: Isnaldo de França Matta;CPF: ;RG: ;Documento: ;Área em hectares: 400
029724.pdf;
029725.pdf;Nome: ;CPF: ;RG: ;Documento: ;Área em hectares: 
029729.pdf;Nome: ;CPF: ;RG: ;Documento: ;Área em hectares: 
029732.pdf;Nome: Olavo Calheiros Filho;CPF: 087.383.784-34RG;RG: ;Documento: ;Área: 26 hectares, 89 ares e 8 centiáres.
029733.pdf;Nome: ;CPF: ;RG: ;Documento: ;Área em hectares: 
029734.pdf;
029737.pdf;Nome: ;CPF: ;RG: ;Documento: ;Área em hectares: 
029743.pdf;
029760.pdf;.Nome: José Saturnino Sobrinho; CPF: ;RG: ;Documento: ;Área em hectares:
029761.pdf;
029762.pdf;Nome: ;CPF: ;RG: ;Documento: ;Área em hectares: 
029763.pdf;
029884.pdf;
029895.pdf;
029898.pdf;
029912.pdf;Nome: ;CPF: ;RG: ;Documento: ;Área em hectares: 
029914.pdf;Nome: Claudionor Bezerra Neri;CPF: 282 924 054 53;RG: ;Documento: ;Área em hectares: 05,2426 ha
029917.pdf;Nome: ;CPF: ;RG: ;Documento: ;Área em hectares: 
029918.pdf;Nome: DERMEVALDE APEREIRA DA SILVA;CPF: 02915/AL;RG: ;Documento: CPF: (CN.) 02915/AL;Área em hectares: 09,9157 ha (Nove hectares noventa e um ares e cinquenta e sete centiares)
029919.pdf;Nome: Fernando Antônio A. Dias ;CPF: ;RG: ;Documento: Título ;Área em hectares:
029923.pdf;
029932.pdf;
029939.pdf;
029941.pdf;
029942.pdf;
029948.pdf;Nome: Fernando Antônio A. Dias;CPF:;RG:;Documento: Título;Área em hectares:
029952.pdf;
029963.pdf;
029964(1).pdf;Nome: Luiz Souza José;CPF: 41190084449;RG: ;Documento: ;Área em hectares: 4,4655
029964.pdf;Nome: Luiz Souza José;CPF: 41190084449;RG: ;Documento: ;Área em hectares: 4,4655
029966(1).pdf;
029966.pdf;
029981(1).pdf;Nome: Augustinho Trajano Bafbosa;CPF: 330212104-06;RG: 0453/85;Documento: CPF: 330212104-06;Área em hectares: 8,3940
029981.pdf;Nome: Augustinho Trajano Bafbosa;CPF: 330212104-06;RG: 0453/85;Documento: CPF: 330212104-06;Área em hectares: 8,3940
029994.pdf; I
030007(1).pdf;
030007.pdf;
030010.pdf;
030012.pdf;
032101(1).pdf;
032101.pdf;
032103.pdf;
032108.pdf;
032110.pdf;Nome: Daniel Gonçalves dos Santos;CPF: 359714874 34;RG: 242012007099;Documento: CPF;Área: 5,00 hectares
032112.pdf;
032124.pdf;
032125.pdf;Nome: José Antonio Barbosa;CPF: ; RG: ; Documento: ; Área em hectares:
032134.pdf;Nome: José Luiz Souza ;CPF: 411900844 ;RG: 49 ;Documento: Passaporte ;Área em hectares: 15,2310
