Nº TÍTULO;NOME;CPF;RG;DOCUMENTO;ÁREA (ha)
001614.pdf;Nome: Antonio Leandro de Farias;CPF: 454.147.504-91;RG: ;Documento: C.P.F;Área em hectares: 0,9932ha
007805.pdf;Nome: Pedro de Odato Ferreira;CPF: ;RG: ;Documento: CTPS nº 58.556; Área em hectares: 
007805_001.pdf;Nome: Pedro Deodato Ferreira;CPF: 454.085.994-34;RG: ;Documento: C.P.F 454.085.994-34; Área em hectares:
007812.pdf; -
007812_001.pdf;Nome: Rosalvo Benedito de França;CPF: 139.669.104-97;RG: 300.937/AL;Documento: ; Área em hectares:
007826.pdf; -
007827.pdf;Nome: Antonio Francelino de Albuquerque;CPF: 277 346 004 04;RG: ;Documento: ;Área em hectares: 2.4807ha
0106379.pdf;
011182.pdf;Nome: Marina Brandina de Gois ;CPF: 061.339.324-49 ;RG: ;Documento:  ;Área em hectares: 19,5812
011196.pdf;Nome: João Antonio dos Santos;CPF: 073.865.674/72;RG: ;Documento: ;Área em hectares: 9 539 44694
011196_001.pdf;Nome: João Antonio dos Santos;CPF: 073.865.674-72;RG: ;Documento: C.P.F. 073.865.674-72;Área em hectares: 4,4694 ha
011320.pdf;Nome: Raimundo Nonato Barrozo Albuquerque ;CPF: ;RG: ;Documento: ;Área em hectares:
011334.pdf;Nome: Afonso José de Lira;CPF: 035.988.614/00;RG: Cert. Cas. 296;Documento: CERT.CAS.296;Área em hectares: 27.4649.
011335.pdf;Nome: Afonso José de Lira ;CPF: 035.988.614/00 ;RG: Cert. Cas. 296 ;Documento: ;Área em hectares: 56.0855
011336.pdf;Nome: Afonso José de Lira ;CPF: 035 988 614 00 ;RG: ;Documento: ;Área em hectares: 12.5065ha
011380.pdf; -
011380_001.pdf;Nome: Antonio Nunes;CPF: 068.406.394-87;RG: 185.494 SSP-AL;Documento: R.G. N° 185.494 SSP-AL, C.P.F N° 068.406.394-87;Área em hectares: 29,0047 ha
011425.pdf; -
011426.pdf; -
011440.pdf;Nome: Onorina Izabel de Almeida Araújo;CPF: 443.186.774-00;RG: 697.186-SSP/AL;Documento: R.G. 697.186-SSP/AL;Área em hectares: 5,6266 ha
011440_001.pdf;Nome: Onorina Izabel de Almeida Araújo;CPF: 443.186.774-00;RG: 697.186-SSP/AL;Documento: R.G. 697.186-SSP/AL;Área em hectares: 5,6266 ha
011465.pdf;Nome: Izabel Maria da Conceição;CPF: 456 438 144/04;RG: ;Documento: CPF: 456 438 144/04;Área em hectares: 6,0005
011465_001.pdf;Nome: Izabel Maria da Conceição;CPF: 456.438.144-04;RG: ;Documento: C.P.F 456.438.144-04; Área em hectares:
011514.pdf;Nome: Elias Paulino de Lira;CPF: 373.470.714-53;RG: 652.879 SSP/AL;Documento: ;Área em hectares: 0,4395 ha
011514_001.pdf;Nome: Elias Paulino de Lira;CPF: 373.470.714-53;RG: 652.879 SSP/AL;Documento: R.G. 652.879 SSP/AL C.P.F. 373.470.714-53;Área em hectares: 0,4395 ha
011567.pdf;Nome: Amália Maria da Conceição ;CPF: 453.553.984/72 ;RG: 106.84 ;Documento: ;Área em hectares: 0,3142 ha
011567_001.pdf;Nome: Amália Maria da Conceição;CPF: 453.553.984-72;RG: ;Documento: C.P.F 453.553.984/72; Área em hectares: 
011570.pdf;Nome: Anizia Paulino da Silva ;CPF: ;RG: ;Documento: ;Área em hectares: 
011579.pdf;Nome: Anizia Paulino da Silva;CPF: 468.648.814-15;RG: ;Documento: C.P.F 468.648.814-15; Área em hectares: 
011584.pdf; -
011584_001.pdf;Nome: Antonia Bispo dos Santos;CPF: 479.075.504-59;RG: ;Documento: ;Área em hectares: 0,2513ha
011602.pdf;Nome: Antônio Domingos da Silva;CPF: ;RG: ;Documento: CI.9685494/SSP;Área em hectares: 81,46
011602_001.pdf;Nome: Antonio Domingos da Silva;CPF: 972.804: RG: ; Documento: ;Área em hectares: 
011614.pdf;Nome: Antonio Leandro de Faria;CPF: 454.147.504/91;RG: ;Documento: ;Área em hectares: 0,9932
011691.pdf;Nome: Gabriel Bispo dos Santos;CPF: 468.754.414/20;RG: ;Documento: ;Área: 0,1155 ha
011691_001.pdf;Nome: Gabriel Bispo dos Santos;CPF: 468.754.414-20;RG: ;Documento: C.P.F 468.754.414-20;Área em hectares: 0,1155ha
011695.pdf;Nome: Fernando Collor de Mello ;CPF: ;RG: ;Documento: ;Área em hectares:
011695_001.pdf;Nome: Geraldo Eugênio da Silva;CPF: ;RG: 29-616/MT: Documento: ;Área em hectares:
011695_002.pdf;Nome: Genário Celestino dos Santos;CPF: 456.794.444-53;RG: ;Documento: C.P.F 456.794.444-53;Área em hectares: 0,0614 ha
011723.pdf;Nome: Izabel Maria da Conceição;CPF: 456.438.144-04;RG: ;Documento: ;Área em hectares: 2,9106 ha
011723_001.pdf;Nome: Izabel Maria da Conceição;CPF: 456.438.144-04: RG: ; Documento: Área em hectares: 2,9106 ha
011739.pdf;Nome: Carmelita Barbosa;CPF: 440.241.264-150;RG: ;Documento: ;Área em hectares: 0,5331 ha
011739_001.pdf;Nome: Carmelita Barbosa;CPF: 440.241.264-15;RG: ;Documento: C.P.F 440.241.264-15; Área em hectares: 0,5331 ha
011786.pdf;Nome: Edivaldo Soares da Silva;CPF: 468.636.804/91;RG: ;Documento: ;Área em hectares: 0,0170 ha
011786_001.pdf;Nome: Edivaldo Soares da Silva;CPF: 468.636.804-91;RG: ;Documento: C.P.F 468.636.804-91;Área em hectares: 0,0170 ha
011793.pdf;Nome: Elias Paulino de Lira;CPF: 373.470.714-53;RG: 652.879/AL;Documento: C I.;Área: 0,1679 ha
011811.pdf;Nome: Erminio Benedito Ferreira;CPF: 455.820.174/53;RG: CI.607.164/AL;Documento: ;Área: 0,1614 ha
012783.pdf;Nome: Jair Soares da Silva;CPF: 8301834/SP;RG: 531.84/P/MG;Documento: ;Área em hectares: 0,5881 ha
012845.pdf;Nome: Josefa Maria da Conceição;CPF: 454.127.234-20;RG: ;Documento: ;Área em hectares: 0,7378
012845_001.pdf;Nome: Josefa Maria da Conceição;CPF: 454.127.234-20;RG: ;Documento: C.P.F 454.127.234-20; Área em hectares: 
012846.pdf;Nome: Júlia Maria da Silva;CPF: ;RG: ;Documento:  607.101 SSP/AL;Área em hectares: 0,2837 ha
012846_001.pdf;Nome: Júlia Maria da Silva;CPF: ;RG: 607.101 SSP/AL;Área em hectares: 0,2837 ha
013780.pdf;Nome: José Alexandre Luiz de Souza;CPF: 459.844.504-10;RG: ;Documento: ;Área: 0,5513 ha
013780_001.pdf;Nome: José Alexandre Luiz de Souza;CPF: 459.844.504-10;RG: ;Documento: C.P.F 459.844.504-10; Área em hectares: 
013784.pdf; -
013784_001.pdf;Nome: José Salustiano Filho;CPF: 060.242.114; RG: , Documento: ; Área: 
013873.pdf;Nome: José Cristino Ferreira;CPF: 455.819.834-53;RG: ;Documento: ;Área: 0.4367 ha
013882.pdf; -
013882_001.pdf;Nome: José Pedro da Silva;CPF: 454.095.364-87;RG: ;Documento: C.P.F 454.095.364-87;Área em hectares: 0,0935 ha
013897.pdf; -
013897_001.pdf; -
013913.pdf; -
013913_001.pdf;Nome: Julia da Costa Barros;CPF: 454.137.544-34;RG: ;Documento: C.P.F 454.137.544-34;Área em hectares: 1,7504 ha
013932.pdf;Nome: Josefa Alves de Lima;CPF: 011453;RG: 13932;Documento: Carteira de Identidade;Área em hectares: 5,49
013932_001.pdf;Nome: Josefa Alves de Lima;CPF: 468.641.304-44;RG: ;Documento: C.P.F 468.641.304-44;Área em hectares: 
013940.pdf;Nome: Julio Bispo dos Santos;CPF: 454.137.114-68;RG: ;Documento: C.P.F 454.137.114-68;Área em hectares: 1,0158 ha
013940_001.pdf;Nome: Julio Bispo dos Santos;CPF: 454.137.114-68;RG: ;Documento: C.P.F 454.137.114-68;Área em hectares: 1,0158 ha
013945.pdf;Nome: Jacira Maria da Conceição;CPF: 387.653.064-49;RG: 327.026.SSP/AL;Documento: ;Área em hectares: 0.0098 ha
013945_001.pdf;Nome: Jacira Maria da Conceição;CPF: 387.653.064-49;RG: 327.026 SSP/AL;Documento: C.P.F;Área em hectares: 0,0098 ha
013947.pdf; -
013960.pdf; -
013960_001.pdf;Nome: João Batista Evangelista dos Santos;CPF: 698.186.658-72;RG: N/A;Documento: CPF Nº. 698.186.658-72;Área em hectares: 0,0281 ha
013974.pdf;Nome: João Francisco de Farias;CPF: ;RG: ;Documento: ;Área em hectares: 0,3703 ha
013974_001.pdf;Nome: João Francisco de Farias;CPF: 454.082.114-87;RG: ;Documento: C.P.F 454.082.114-87;Área em hectares: 0,3703 ha
015441.pdf;Nome: Manoel Pedro da Silva;CPF: 455.818.784-04;RG: ;Documento: ;Área em hectares: 2,8545 ha
015812.pdf;Nome: Liberato Soares da Silva;CPF: ;RG: ;Documento:;Área em hectares: 0,0694 ha
015812_001.pdf;Nome: Liberato Soares da Silva;CPF: 456.792.154-20;RG: ;Documento: C.P.F 456.792.154-20;Área em hectares: 0,6941 ha
015815.pdf; - 
015815_001.pdf;Nome: Lindinalva Soares da Silva;CPF: 468.637.294-15;RG: ;Documento: C.P.F 468.637
015841.pdf;Nome: Manoel Pedro da Silva;CPF: 455.818.784-04;RG:; Documento: ;Área em hectares:
015851.pdf;Nome: Eduardo Lino Moreira;CPF: 15851;RG: -;Documento: ;Área em hectares: -
015851_001.pdf;Nome: Maria do Carmo de Araujo;CPF: 454.139.244-53;RG: ;Documento: C.P.F 454.139.
015872.pdf;Nome: Matildes Calixto Petuba;CPF: ;RG: ; Área em hectares: 
015872_001.pdf;Nome: Matildes Calixto Petuba;CPF: 454.144; Área em hectares:
015884.pdf;Nome: Olindina Maria da Conceição;CPF: ;RG: ;Documento: ;Área em hectares: 90,16
015884_001.pdf;Nome: Olindina Maria da Conceição;CPF: 456.788.384-20;RG: ;Documento: C.P.F 456.788.384-20;Área em hectares: 0,9016 ha
015894.pdf;Nome: Pedro Antonio da Silva ;CPF: 440.243.804-78 ;RG: ;Documento: Casado ;Área em hectares: 5.967
0106379.pdf; - 
015894_001.pdf;Nome: Pedro Antonio da Silva;CPF:;RG:;Documento:;Área em hectares:
015934.pdf; -
015961.pdf;Nome: Luiz Engracio dos Santos ;CPF: 454 137 464 15 ;RG: ;Documento: ;Área em hectares: 0,7214 ha
016012.pdf;Nome: Maria das Dores dos Santos ;CPF: 468 643 184 00 ;RG: ;Documento: ;Área em hectares: 0,3254ha
016012_001.pdf;Nome: Maria das Dores dos Santos;CPF: 468.643.184-00;RG: ;Documento: C.P.F. 468.643.184-00;Área em hectares: 0,3254 ha
016076.pdf; -
016076_001.pdf;Nome: Nilson Bezerra da Silva;CPF: 280.963.714-87;RG: 185.959 SSP/AL;Documento: R.G. 185.959 SSP/AL C.P.F. 280.963.714-87;Área em hectares: 0,0526 ha
016077.pdf;Nome: Nilson Farias dos Santos;CPF: 456 136 484 68;RG: ;Documento: ;Área em hectares: 0,0272 ha
016077_001.pdf;Nome: Nilson Farias dos Santos;CPF: 456.136.484-68;RG: ;Documento: C.P.F.;Área em hectares: 0,0272 ha
016102.pdf; - 
016102_001.pdf;Nome: Paulo Alves Tenorio;CPF: , RG: ; Documento: ; Área em hectares:
016147.pdf;Nome: Valdemar Pedro Gonçalves;CPF: 454 078 604 06;RG:;Documento:;Área em hectares: 0,1288
016147_001.pdf;Nome: Valdemar Pedro Gonçalves;CPF: 454.078.604-06;RG: ;Documento: ;
016165.pdf; - 
016165_001.pdf;Nome: Antonio Vieira dos Santos;CPF: 456.793.124-68;RG: ;Documento: C.P.F 456.793.124-68;Área em hectares: 0,8900 ha
016174.pdf; -
016174_001.pdf; -
016174_002.pdf;Nome: Antonio José da Silva;CPF: 337.314.144-15;RG: ;Documento: C.P.F 337.314.144-15;Área em hectares: 0,1622ha
016177.pdf;Nome: Alfredo José dos Santos ;CPF: ;RG: 554.328/SSP/AL ;Documento: Documento de identidade ;Área em hectares: 2,5 ha
016177_001.pdf;Nome: Alfredo Jose dos Santos;CPF: 385.041.204-06;RG: ;Documento: C.P.F 385.041.204-06;Área em hectares: 2,0520 ha
016178.pdf;Nome: Angelina Maria da Conceição;CPF: ;RG: ;Documento: Processo Administrativo n. NF/RF/4462/84;Área em hectares:
016178_001.pdf; -
016200.pdf;Nome: Creuza Maria da Conceição;CPF: 468.690.264-91;RG: ;Documento: C.P.F 468.690.264-91;
016206.pdf;Nome: Creuza Maria da Conceição;CPF: 468.690.264-91;RG: 8.976.876-3;Documento: ;
016240.pdf;Nome: Irineu José Santos;CPF: 190.654.424/722;RG: 5 10.062/SSP/AL;Documento: ;Área em hectares: 2 hectares, quarenta e três ares e vinte e três centiares.
016240_001.pdf;Nome: Irineu José Santos;CPF: 190.654.424-72;RG: ;Documento: C.P.F 190.654.424-72;Área em hectares: 2,4323 ha
016254.pdf; -
016254_001.pdf;Nome: João Celestino dos Santos;CPF: 373.06: RG: , Documento:; Área em hectares:
016257.pdf; -
016257_001.pdf;Nome: Lourdes Paulino de Lira;CPF: 384.555.284-00;RG: ;Documento: C.P.F 384.555.284;  Área em hectares
016259.pdf;Nome: Leonita Maria da Conceição;CPF: ;RG: ;Documento: Documento de identidade;Área em hectares: 0,2923 ha
016259_001.pdf;Nome: Leonita Maria da Conceição;CPF: 453.555.764-00;RG: ;Documento: C.P.F 453.555.764-00;Área em hectares: 0,2923 ha
016267.pdf;Nome: Fernando Collor de Mello;CPF: ;RG: ;Documento: Portaria 208/87;Área em hectares: 500
016267_001.pdf;Nome: Maria Jose dos Santos;CPF: 468.690.184-72;RG: ;Documento: C.P.F 468.690.184-72
016283.pdf; - 
016283_001.pdf;Nome: Josefa Maria dos Santos;CPF: 332.555.474-15;RG: -;Documento: C.P.F;Área em hectares: 1,0544 ha
016300.pdf;Nome: José Vicente da Silva;CPF: 456.583.584/34;RG: ;Documento: ;Área em hectares: 0.4725
016300_001.pdf;Nome: José Vicente da Silva;CPF: 456.583.584-34;RG: ;Documento: C.P.F;Área em hectares: 0
016301.pdf;Nome: José Belo dos Santos, brasileiro, CPF: CPF. 468690.004/25; RG: RG. 35.370/D/MG; Documento: ; Área de 0.0465 ha
016301_001.pdf;Nome: José Belo dos Santos;CPF: 468.690.004-25;RG: ;Documento: C.P.F 468.690.004-25;Área em hectares: 0,0405 ha
016304.pdf; -
016304_001.pdf;Nome: José Andrade dos Santos;CPF: 453.552.584-68;RG: ;Documento: C.P.F 453.552.584-68;Área em hectares: 1,4000 ha
016315.pdf; -
016315_001.pdf;Nome: José Severo de Moura;CPF: 454.119.564-04;RG: ;Documento: C.P.F;Área em hectares: 0,3100 ha
016318.pdf;Nome: José Florencio de Souza Filho;CPF:; RG: ; Documento: ; Área em hectares:
016318_001.pdf;Nome: José Florencio de Souza;CPF: 383.453.494-82;RG: 638.312 SSP/AL;Documento: C.P.F 383.453.494-82 R.G 638.312 S
016319.pdf;Nome: José Sebastião da Silva ;CPF: ;RG: ;Documento: Documento de identidade ;Área em hectares: 2 hectares, 32 ares, noventa centiares
016319_001.pdf;Nome: José Sebastião da Silva;CPF: 354.444.284-15;RG: ;Documento: C.P.F 354.444.284-15
016333.pdf;Nome: Neusa Josefa Rodrigues ;CPF: ;RG: ;Documento: ;Área em hectares: 67,72
016333_001.pdf;Nome: Neusa Josefa Rodrigues;CPF: 454.135.504
016337.pdf;Nome: OTAVIO EMIDIO DOS SANTOS;CPF: 455 819 914 72;RG: ;Documento: Processo Administrativo no NF/RF/4782/
016337_001.pdf;Nome: Otavio Emídio dos Santos;CPF: 455.819.914-72;RG: ;Documento: C.P.F. 455.819.914.-72;Área em hectares: 7,2385 ha
016339.pdf;Nome: Wellington de Souza;CPF: ;RG: ;Documento: Título de Reconhecimento de Domínio por Usucapião Especial;Área: 3 hectares
016339_001.pdf;Nome: Pastor Maria da Rocha;CPF: 468.642.294-91;RG: ;Documento: C.P.F 468.642.294; 
016346.pdf; - 
016346_001.pdf;Nome: Rosalvo Manoel Otaviano;CPF: 483.407.774-68;RG: ;Documento: C.P.F 483.407.774-68;Área em hectares: 0,1051
016353.pdf; -
016353_001.pdf;Nome: Sebastião Galdino da Silva;CPF: 453.533.364-53;RG: 511.102 SSP/AL;Documento: C.P.F 453.533.364-53;Área em hectares: 6,9744 ha
016357.pdf;Nome: VALDIR JOSÉ DE LIRA ;CPF: 431 411 024 49 ;RG: 547 223 SSP/AL ;Documento: 246 050 029 386 ;Área em hectares: 2,0133
016357_001.pdf;Nome: Valdir José de Lira;CPF: 431.411.024-49;RG: ;Documento: C.P.F 431.411.024; Área em hectares: 
016358.pdf;Nome: Vicente Ferreira dos Santos ;CPF: 456 583 404 97 ;RG: ;Documento: ;Área em hectares: 3,3259ha
016358_001.pdf;Nome: Vicente Ferreira dos Santos;CPF: 456.583.404-97;RG: ;Documento: C.P.F 456.583.
016359.pdf;
016359_001.pdf;Nome: Veridiano Vieira dos Santos;CPF: 456.436.104-00;RG: ;Documento: C.P.F 456.436.
016363.pdf; -
016364.pdf; -
016364_001.pdf;Nome: Antonio Domingos dos Santos (Espólio);CPF: 348.166.664-00;RG: 400.115 - SSP-AL;Documento: R.G. N° 400.115 - SSP-AL;Área em hectares: 4,0663 ha
016365.pdf; - 
016365_001.pdf;Nome: Antonio Cícero de Oliveira;CPF: 111.468.424-49;RG: 632.770 SSP-AL;Documento: R.G. N° 632.770 SSP-AL, C.P.F N° 111.468.424-49;Área em hectares: 4,3167 ha
016367.pdf; 
016367_001.pdf;Nome: Antonio Lins Ferreira;CPF: 134.095.224-68;RG: 337.194 SSP-AL;Documento: R.G. N° 337.194 SSP-AL;Área em hectares: 14,9940 ha
016372.pdf;Nome: Fernando Antonio Albuquerque Dias;CPF: ;RG: ;Documento: ; Área em hectares: 
016372_001.pdf;Nome: Antonio Vital dos Santos;CPF: 151.975.654-20;RG: 498.119 SSP-AL;Documento: R.G. N° 498.119 SSP-AL;Área em hectares: 3,7674 ha
016379.pdf;Nome: Aldo Antonio dos Santos;CPF: 190.596.634-20;RG: 314.952 SSP-AL;Documento: R.G. N° 314.952 SSP-AL C.P.F N° 190.596.634-20;Área em hectares: 2,9955 ha
016382.pdf;.Nome: Adelmo Correia de Amorim;CPF: 007.969.994-49;RG: 246.050.002.585;Documento: 98.102 SSP/AL;Área: 27,4101 hectares
016382_001.pdf;Nome: Adelmo Correia de Amorim;CPF: 007.969.994-49;RG: 98.102 SSP-AL;Documento: R.G. N° 98.102 SSP-AL;Área em hectares: 27,4101 ha
016389.pdf; - 
016389_001.pdf;Nome: Arístides Gonçalo da Rocha;CPF: 045.479.854-72;RG: ;Documento: C.P.F Nº 045.479.854-72;Área em hectares: 1,7075 ha
016390.pdf; -
016390_001.pdf;Nome: Arístides Gonçalo da Rocha;CPF: 045.479.854-72;RG: ;Documento: C.P.F N° 045.479.854-72;Área em hectares: 2,6006 ha
016391.pdf; -
016391_001.pdf;Nome: Aristides Gonçalo da Rocha;CPF: 045.479.854-72;RG: ;Documento: C.P.F N° 045.479.854-72;Área em hectares: 6,8057 ha
016392.pdf; - 
016392_001.pdf;Nome: Arístides Gonçalo da Rocha;CPF: 045.479.854-72;RG: ;Documento: C.P.F N° 045.479.854-72;Área em hectares: 13,8245 ha
016394.pdf;Nome: Arlindo Roberto Maciel; CPF: 157.721.524.91;RG: ; Documento: ; Área em hectares: 5,0226 ha
016406.pdf;Nome: Evilásio Nogueira da Silva ;CPF: 060 267 024 15 ;RG: 601 726 SSP/AL ;Documento: ;Área: 5,0983 ha
016407.pdf;Nome: Espedito Pereira Modesto;CPF: 049 349 894-04;RG: SIT 459 940 SSP/AL;Documento: RG 1FST/IS;Área em hectares: 5,3432
016410.pdf;Nome: Eduardo Florencio de Souza;CPF: 190 369 904 59;RG: ;Documento: ;Área em hectares: 16,5786
016410_001.pdf;Nome: Eduardo Florencio de Souza;CPF: 190.369.904-59;RG: ;Documento: C.P.F Nº 190.369.904-59;Área em hectares: 16,5786 ha
016411.pdf;Nome: Shanid Verzoti;CPF: ;RG: ;Documento: ;Área em hectares:
016411_001.pdf;Nome: Felinto José da Silva (Espólio);CPF: 384.583.494-34;RG: ;Documento: C.P.F N° 384.583.494-34;Área em hectares: 8,8784 ha
016413.pdf;Nome: Francisco Rodrigues Dantas (Espólio);CPF: 384 495 284 53;RG: 246 050 032 522;Documento: St. Ipoeiras;Área: 6,78 hectares
016413_001.pdf;Nome: Francisco Rodrigues Dantas (Espólio);CPF: 384.495.284-53;RG: ;Documento: C.P.F. Nº 384.495.284-53;Área em hectares: 6,7801 ha
016416.pdf; - 
016416_001.pdf;Nome: Gilberto Marques dos Santos;CPF: 271.909.274-68;RG: 452.326 SSP-AL;Documento: R.G. N° 452.326 SSP-AL;Área em hectares: 1,6242 ha
016417.pdf;Nome: GERALDO CORREA DA SILVA;CPF: N/A;RG: N/A;Documento: ;Área em hectares: 25 hectares, vinte e três ares e oiten
016417_001.pdf;Nome: Geraldo Corrêa da Silva;CPF: ;RG: 178.217 - SSP-AL;Documento: R.G. N° 178.217 - SSP-AL;Área em hectares: 25,2384 ha
016419.pdf;Nome: Hilario Faustino Vitor;CPF: -;RG: 331.625 SSP/AL;Documento: 246 050 006 270;Área em hectares: 3,0931
016424.pdf;Nome: Julio Vieira dos Santos;CPF: 46494;RG: 1887/2817;Documento: 16424;Área em hectares: 7
016424_001.pdf;Nome: Júlio Vieira dos Santos;CPF: 332.555.474-15;RG: ;Documento: C.P.F N° 332.555.474 - 15;Área em hectares: 5,2795 ha
016427.pdf;Nome: João Ferreira Santos;CPF: 209 452 214 87;RG: ; Document: ;Área: 6,8103 hectares
016427_001.pdf;Nome: João Ferreira Santos;CPF: 209.452.214-87;RG: ;Documento: C.P.F. Nº 209.452.214 - 87;Área em hectares: 6,8103 ha
016437.pdf; Nome: José Martins Bispo de Lima; CPF: CPF 454 089 984 87; RG: RG 1643716437; Documento:; Área em hectares: 5.1388 hectares.
016453.pdf;Nome: José Vicente dos Santos;CPF: 190 690 814 15;RG: 1645316453;Documento: ;Área: 3,1208 hectares
016455.pdf;Nome: José Gomes de Oliveira;CPF: 136 145 334 68;RG: ; Documento: ; 
016455_001.pdf;Nome: José Gomes de Oliveira;CPF: 136.145.334-68;RG: ;Documento: C.P.F. N° 136.145.334-68;Área em hectares: 9,7374 ha
016456.pdf;Nome: Jose Crispiniano de GoesCPF: 321.164SSP/ALRG: 118Documento: Livro 2-BF-Collor de Mello-CernanÁrea: 1,9206 hectares
016456_001.pdf;Nome: José Crispiniano de Goes;CPF: ;RG: 321.164-SSP/AL;Documento: R.G. 321.164-SSP/AL;Área em hectares: 1,9206 ha
016458.pdf;Nome: José Celestino Santos;CPF: 331 110 734 91;RG: n/d;Documento: CPF;Área em hectares: 10,0184ha
016458_001.pdf;Nome: José Celestino Santos;CPF: 331.110.734-91;RG: ;Documento: C.P.F Nº 331.110.734-91;Área em hectares: 10,0184 ha
016460.pdf;Nome: José Justino dos Santos;CPF: ;RG: ;Documento: Processo Administrativo no PF/RF/3628/84;Área em hectares: 25,95
016460_001.pdf;Nome: José Justino dos Santos;CPF: ;RG: 586.673 SSP-AL;Documento: R.G. N° 586.673 SSP-AL;Área em hectares: 25,9529 ha
016480.pdf;Nome: Manoel Martins Gomes (espólio);CPF: 349 525 864 72;RG: ;Documento: Documento de identidade;Área em hectares: 5,5347
016508.pdf;Nome: Umbelino Bezerra da Silva ;CPF: ;RG: 169 970 SSP/AL ;Documento: INCRA sob nº 246 050032 8401 ;Área em hectares: 3,92
016508_001.pdf;Nome: Umbelino Bezerra da Silva;CPF: ;RG: 169.970-SSP/AL;Documento: R.G. 169.970-SSP/AL;Área em hectares: 3,9278 ha
016509.pdf;Nome: Virgilio Manoel dos Santos; CPF: CPF nº 194.116.549-49;RG: RG nº 16.509 documento de identidade 404.356 SSP/AL;Documento: ; Área em hectares: 246 hectares.
016509_001.pdf;Nome: Virgílio Manoel dos Santos;CPF: ;RG: 404.356 - SSP/AL;Documento: R.G. 404.356 - SSP/AL;Área em hectares: 10,3288 ha
016521.pdf;Nome: Abelardo Bispo dos Santos ;CPF: 384 578 904 25 ;RG: ;Documento: Documento de identidade ;Área em hectares: 0,0231 ha
016521_001.pdf;Nome: Abelardo Bispo dos Santos;CPF: 384.578.904-25;RG: ;Documento: C.P.F. 384.578.904-25; Área em hectares:
016533.pdf;  
016533_001.pdf;Nome: Aureliano dos Santos;CPF: 227.351.274-00;RG: 557.655 SSP/AL;Documento: R.G 557.655 SSP/AL C.P.F. 227.351.274-00;Área em hectares: 
016551.pdf;Nome: Antonio Martins da Silva;CPF: 454 079 084 68;RG: ; RG: ; Documento: ; Área: 31,40 hectares
016570.pdf;Nome: Benedito Tavares da Silva ;CPF: ;RG: 535 656 SSP/AL ;Documento: ;Área em hectares: 0,5658 ha
016570_001.pdf;Nome: Benedito Tavares da Silva;CPF: 368.105.684-68;RG: 535.656 SSP/AL;Documento: R.G. 535
016579.pdf;
016579_001.pdf;Nome: Cicero da Costa Barros;CPF: 280.218.784-87;RG: ;Documento: C.P.F 280.218.784-87;Área em hectares: 2,9005 ha
016624.pdf;Nome: Feliciano Rodrigues Dantas ;CPF: ;RG: 223 232 SSP/AL ;Documento: ;Área em hectares: 2,2897 hal Dois hec.
016624_001.pdf;Nome: Feliciano Rodrigues Dantas;CPF: 327.413.914-91;RG: 223.232 SSP/AL;Documento: R.G. 223.232 SSP/AL ; Área em hectares:
016644.pdf; -
016644_001.pdf;Nome: Josefa Pereira da Silva;CPF: 468.638.264-53;RG: ;Documento: C.P.F 468.638.264-53;Área em hectares:
016659.pdf;Nome: Josefa Marques da Silva ;CPF: 454 074 604 91 ;RG: ;Documento:  ;Área em hectares: 0,4184
016659_001.pdf;Nome: Josefa Marques da Silva;CPF: 454.074.604-91;RG:; Documento:; Área em hectares:
0106379.pdf;Nome: ;CPF:;RG:;Documento:;Área em hectares: 
016661.pdf;Nome: ;CPF:;RG:;Documento:;Área em hectares: 
016661_001.pdf;
016684.pdf;Nome: ;CPF:;RG:;Documento:;Área em hectares: 
016684_001.pdf;
016692.pdf;
0106379.pdf;Nome: ;CPF:;RG:;Documento:;Área em hectares: 
016692_001.pdf;Nome: José Euzebio Filho;CPF: 440.241.184-04;RG: ;Documento: C.P.F. 440.241.184-04;Área em hectares: 3,3368 ha
016694.pdf;Nome: José Manoel dos Santos;CPF: 400.123;RG: SSP/AL;Documento: brasileira;Área em hectares: 0,3436
016739.pdf;Nome: ;CPF:;RG:;Documento:;Área em hectares: 
016739_001.pdf;Nome: José Luiz Filho ;CPF: 468.540.914-49 ;RG:; Documento:; Área em hectares:
021617.pdf;Nome: ;CPF:;RG:;Documento:;Área em hectares: 
021617_001.pdf;Nome: Quiteria Barbosa de Lira;CPF: 456.587.574-87;RG: ;Documento: C.P.F 456.587.574-87;Área em hectares: 1,1657 ha
021634.pdf;Nome: ;CPF:;RG:;Documento:;Área em hectares: 
021634_001.pdf;Nome: João Paulo da Silva;CPF: ;RG: 5.931.898 SSP/SP;Documento: RG;Área em hectares: 0,5122 ha
021646.pdf;Nome: José Alexandre dos Santos;CPF: 246 050 035 130;RG: ;Documento: ;Área em hectares: 3,84
021646_001.pdf;Nome: José Alexandre dos Santos;CPF:; RG:; Documento: ;Área em hectares:
021663.pdf;
021663_001.pdf;Nome: Sebastião Santos;CPF: 440.244.874-34;RG: ;Documento: C.P.F 440.244.874-34;Área em hectares: 0,1014 ha
021686.pdf;Nome: ;CPF:;RG:;Documento:;Área em hectares: 
021686_001.pdf;Nome: Leonidio Domingos de Lira;CPF: 454.090.994-00;RG:;Documento:;Área em hectares:
021701.pdf;Nome: ;CPF:;RG:;Documento:;Área em hectares: 
021701_001.pdf;Nome: Arestides Pereira de Oliveira;CPF: 454.129.104-30;RG: ;Documento: C.P.F Nº 454.129.104-30;Área em hectares: 8,0397 ha
021703.pdf;.Nome: Anizio Vieira da Rocha;CPF: 007.273.424-87;RG: 454.101 SSP/AL;Documento: R.G 454.101 SSP/AL;Área: 60,6356 ha
021703_001.pdf;Nome: Anizio Vieira da Rocha;CPF: 007.273.424-87;RG: 454.101 SSP/AL;Documento: R.G. 454.101 SSP/AL;Área em hectares: 60,6356 ha
021704.pdf;Nome: ; CPF: ;RG: ; Documento: ; Área em hectares: 
021705.pdf;Nome: Beneval Pereira de Almeida;CPF: 087;RG: 197 602 SSP/AL;Documento: Estado Civil Casado;Área: 190 124 hec. oito ares e quarenta e três centiares.
021705_001.pdf;Nome: Beneval Pereira de Almeida;CPF: 087.190.124-20;RG: 197.602 SSP-AL;Documento: R.G. N° 197.602 SSP-AL;Área em hectares: 5,0843 ha
021721.pdf;Nome: ;CPF:;RG:;Documento:;Área em hectares: 
021721_001.pdf;Nome: Geraldo Lira;CPF: ;RG: 85.450 SSP-AL;Documento: R.G. N° 85.450 SSP-AL;Área em hectares: 34,0666 ha
021722.pdf;Nome: Eduardo Lino Moreira;CPF: ;RG: ;Documento: Título;Área em hectares: 2
021722_001.pdf;Nome: Geraldo Lira;CPF: ;RG: 85.450-SSP/AL;Documento: R.G. 85.450-SSP/AL;Área em hectares: 47,5684 ha
021724.pdf;
021724_001.pdf;Nome: Geraldo Lira;CPF: ;RG: 85.450 SSP-AL;Documento: R.G. N° 85.450 SSP-AL;Área em hectares: 17,3548 ha
021725.pdf;Nome: Geraldo Liran;CPF: ;RG: 85.450 SSP/AL;Documento: ;Área em hectares: 11,5292
021725_001.pdf;Nome: Geraldo Lira;CPF: ;RG: 85.450 SSP-AL;Documento: R.G. N° 85.450 SSP-AL;Área em hectares: 11,5292 ha
021727.pdf;Nome: ;CPF: ;RG: ;Documento: ;Área em hectares:
021727_001.pdf;Nome: ;CPF: 088.072.644-04;RG: -;Documento: ;Área em hectares: 5,3108 ha
021730.pdf;Nome: Jose Madeiro;CPF: 027 546 574 87;RG: SSP/AL;Documento: ;Área em hectares: 71,7462ha
021730_001.pdf;Nome: ;CPF: 027.546.574-87;RG: -;Documento: ;Área em hectares: 71,7462 ha
021732.pdf;Nome: João Batista Filho;CPF: 049.030.644-68;RG: ;Documento: ;Área: 31,7989 ha
021732_001.pdf;Nome: João Batista Filho;CPF: 049.030.644-68;RG: -;Documento: ;Área em hectares: 31,7989 ha
021739.pdf;Nome: Raimundo Nonato Barrozo Albuquerque ;CPF: ;RG: ;Documento:  ;Área em hectares: 10 ha
021739_001.pdf;Nome: João José de Lira;CPF: 144.424.694-15;RG: ;Documento: C.P.F. 144.424.694-15;Área em hectares: 10,1300 ha
021740.pdf;Nome: ;CPF:;RG:;Documento:;Área em hectares: 
021740_001.pdf;Nome: Olho d'Água do Meio;CPF: 453.885.804-82;RG: -;Documento: 246.050.033.820;Área em hectares: 3,9925 ha
021741.pdf;Nome: João Luiz de Liras;CPF: 454.124.644-91;RG: ;Documento: ;Área em hectares: 6,2039 ha
021741_001.pdf;Nome: João Luiz de Lira;CPF: 454.124.644-91;RG: ;Documento: C.P.F.;Área em hectares: 6,2039 ha
021763.pdf;Nome: Mauro Leandro da Silva;CPF: 313.438.304-78;RG: ;Documento: C.P.F Nº 313.438.304 - 78;Área em hectares: 5,6147 ha
021764.pdf;Nome: Maria Rosa Barbosa e Gaudencio Cassimiro da Silva ;CPF: 454.147.184.15;RG: 94.780 DRT-AL;Documento: ;Área em hectares: 36,4291
021764_001.pdf;Nome: Mauro Leandro da Silva;CPF: 313.438.304.78;RG: ;Documento: ;Área em hectares: 5,6147
021764_002.pdf;Nome: Maria Rosa Barbosa e Gaudencio Cassimiro da Silva;CPF: 454.147.184-15;RG: 94.780-DRT-AL;Documento: ;Área: 36,4291 ha
021784.pdf;Nome: Antonio Martins Santos;CPF: ;RG: 230.293 SSP/AL;Documento: ;Área em hectares: 0,3056 ha
021784_001.pdf;Nome: Antonio Martins Santos;CPF: ;RG: 230.293 SSP/AL;Documento: RG 230.293 SSP/AL;Área em hectares: 0,3056 ha
021786.pdf;
021786_001.pdf;Nome: Alfredo Alves dos Santos;CPF: 454.131.184-49;RG: ;Documento: C.P.F. 454.131.184-49; Área em hectares: 
021796.pdf;Nome: ;CPF:;RG:;Documento:;Área em hectares: 
021796_001.pdf;Nome: João Bernardo da Silva;CPF: 454.127.664-04;RG: ;Documento:; Área em hectares:
021797.pdf;Nome: João Bernardo da Silva ;CPF: 020.876.945-00 ;RG: 21797 ;Documento:; Área em hectares: 
021797_001.pdf;Nome: João Bernardo da Silva;CPF: 454.127.664-04;RG: ;Documento
021817.pdf;Nome: José Batista dos Santos ;CPF: 454 064 724 53 ;RG: ;Documento: ;Área em hectares: 0,1263 ha
021817_001.pdf;Nome: José Batista dos Santos;CPF: 454.064.724-53;RG: ;Documento: C.P.F. 454.064.724-53;Área em hectares: 0,1263 ha
021827.pdf;Nome: Afra Ferreira da Silva;CPF: ;RG: 481 676 SSP/AL;Documento: ;Área em hectares: 0,3057 ha
021827_001.pdf;Nome: Afra Ferreira da Silva;CPF: ;RG: 481 676 SSP/AL;Documento: RG;Área em hectares: 0,3057 ha
021832.pdf;Nome: ;CPF:;RG:;Documento:;Área em hectares: 
021832_001.pdf;Nome: Ana Maria Barbosa;CPF: ;RG: 000.458 SSP/AL;Documento: RG;Área em hectares: 0,5293ha
021852.pdf;Nome: Damião Vital;CPF: 456 585 444 91;RG: 5.844.444-1;Documento: ;Área em hectares: 0,2919 ha
021852_001.pdf;Nome: Damião Vital;CPF: 456.585.444-91;RG: ;Documento:;Área em hectares: 0,2919 ha
021854.pdf;Nome: Wellington de Souza Cons;CPF: 470 286 374 68;RG: ;Documento: ;Área em hectares: 0,9783
021854_001.pdf;Nome: Edite Paulina de Lira;CPF: 470.286.374-68;RG: ;Documento: C.P.F. 470.286.374-68;Área em hectares: 0,9783 ha
021863.pdf;Nome: José Jaoquim de Santa;CPF: 454 064 564 15;RG: ;Documento: ;Área em hectares: 0,7688 ha
021863_001.pdf;Nome: José Joaquim de Santana Filho;CPF: 454.064.564-15;RG: ;Documento: ;Área em hectares: 0,7688 ha
021891.pdf;Nome: ;CPF:;RG:;Documento:;Área em hectares: 
021891_001.pdf;Nome: Manoel Avelino dos Santos;CPF: 468.637.104-04;RG: ;Documento: ;Área em hectares: 9,2951 ha
021902.pdf;Nome: ;CPF:;RG:;Documento:;Área em hectares: 
021902_001.pdf;
021904.pdf;Nome: ;CPF:;RG:;Documento:;Área em hectares: 
021904_001.pdf;Nome: Manoel Jorvino da Silva;CPF: 384.580.724-72;RG: ;Documento: C.P.F.;Área em hectares: 
021916.pdf;Nome: ;CPF:;RG:;Documento:;Área em hectares: 
021918.pdf;.;;Nome: Octavio Raimundo dos Santos;CPF: 456 434 744 68;RG: ;Documento: ;Área em hectares: 1,9065 ha
021918_001.pdf;Nome: Octavio Raimundo dos Santos;CPF: 456.434.744-68;RG: ;Documento: C.P.F 456.434.744-68;Área em hectares: 1,9065 ha
021922.pdf;Nome: ;CPF:;RG:;Documento:;Área em hectares: 
021922_001.pdf;Nome: Olavo Alves dos Santos;CPF: 454.175.024-15;RG: ;Documento: C.P.F.;Área em hectares: 0,7138 ha
024495.pdf;Nome: ;CPF:;RG:;Documento:;Área em hectares: 
024495_001.pdf;Nome: José Domingos da Silva;CPF: 373.063.244-20;RG: ;Documento: C.P.F 373.063.244-20;Á
062413.pdf;Nome: ;CPF:;RG:;Documento:;Área em hectares: 
062413_001.pdf;Nome: Albino Delmiro da Silva;CPF: 011.453.368-00;RG: ;Documento: C.P.F 011.453.368
062420.pdf;Nome: ;CPF:;RG:;Documento:;Área em hectares: 
062420_001.pdf;Nome: Hemenergilda Maria da Silva;CPF: 454.123.244-87;RG: ;Documento: C.P.F 454.123.244
062424.pdf;Nome: ;CPF:;RG:;Documento:;Área em hectares: 
062424_001.pdf;Nome: José Aureliano dos Santos;CPF: 359.795.424-34;RG: ;Documento: C.P.F 359.795.424-34;Área em hectares: 0,3582 ha
062444.pdf;Nome: ;CPF:;RG:;Documento:;Área em hectares: 
062444_001.pdf;Nome: Aparecido Aurelio dos Santos;CPF: 483.465.434-68;RG: ;Documento: C.P.F 483.465.434-68;Área em hectares: 0,2261 ha
062445.pdf;Nome: ;CPF:;RG:;Documento:;Área em hectares: 
062445_001.pdf;.;;Nome: Aurino José dos Santos;CPF: 046.088.285-68;RG: ;Documento: C.P.F 046.088.285-68;Área em hectares: 0,1138 ha
062450.pdf;Nome: ;CPF:;RG:;Documento:;Área em hectares: 
062450_001.pdf;Nome: Daniel Jose dos Santos;CPF: 469.962.904-06;RG: ;Documento: C.P.F 469.962.9; Área em hectares:
062468.pdf;Nome: ;CPF:;RG:;Documento:;Área em hectares: 
062468_001.pdf;.;;Nome: João Bernardo da Silva;CPF: 454.127.664-04;RG: ;Documento: C.P.F 454.127.664-04;Área em hectares: 1,1285 ha
062470.pdf;Nome: ;CPF:;RG:;Documento:;Área em hectares: 
062470_001.pdf;.;;Nome: João Eduardo da Silva;CPF: 456.588.384-87;RG: ;Documento: C.P.F;Área em hectares: 0,0202 ha
062473.pdf;.Nome: José Antonio de Lima;CPF: 431349.714-53;RG: 3599/85;Documento: CPF 43/349.14; Área: 0,0285 ha
062473_001.pdf;.;;Nome: José Antonio de Lima;CPF: 431.349.714-53;RG: -;Documento: CPF N°. 431.349.714-53;Área em hectares: 0,0285 ha
062485.pdf;Nome: ;CPF:;RG:;Documento:;Área em hectares: 
062485_001.pdf;Nome: José Firmino da Silva;CPF: 346.543.054-91;RG: ;Documento: C.P.F 346.543.054-91
062491.pdf;Nome: José Paulo da Silva ;CPF: 04220202811 ;RG: 12.927.479 SSP/SP ;Documento: ;Área em hectares: 1,81
062491_001.pdf;Nome: José Paulo da Silva;CPF: 042.202.028-11;RG: ;Documento: ;Área em hectares: 
062493.pdf;Nome: José Pedro de Lira ;CPF: 999 ;RG: 440-242-584/00 ;Documento:;Área em hectares: 0,1351 ha
062493_001.pdf;Nome: José Pedro de Lira;CPF: 440.242.584-00;RG: ;Documento: C.P.F 440.242.584-00;Área em hectares: 0,1351 ha
062495.pdf;Nome: ;CPF:;RG:;Documento:;Área em hectares: 
062496.pdf;Nome: José Santana da Silva;CPF: 387.339.514-20;RG: 638.314 SSP/AL;Documento: C.P.F 387.339;Área em hectares:
062497.pdf;Nome: Josefa dos Santos;CPF: 533652674 68;RG: ;Documento: CPF: 533652674 68;Área em hectares: 0,5922 ha
062497_001.pdf;Nome: Josefa Campos dos Santos;CPF: 533.652.674-68;RG:;Documento:;Área em hectares: 
062503.pdf;Nome: ;CPF:;RG:;Documento:;Área em hectares: 
062503_001.pdf;Nome: Manoel de Gois Barbosa;CPF: 312.695.754-49;RG: 268.655 SSP/AL;Documento: C.P.F;Área em hectares: 3,4696 ha
062562.pdf;Nome: Augusta Pereira dos Santos ;CPF: ;RG: 337.188 ;Documento: Documento de identidade ;Área em hectares: 0,0139
062562_001.pdf;Nome: Augusta Pereira dos Santos;CPF: -;RG: 337.188 SSP-AL;Documento: R.G. Nº 337.188 SSP-AL;Área em hectares: 0,0139 ha
062566.pdf;Nome: Anízio Vieira da Rocha;CPF: 007.273.424-87;RG: 454.101 SSP-AL;Documento: R.G. N° 454.101/SSP-AL;Área em hectares:  58,8418 ha
062566_001.pdf;Nome: Anízio Vieira da Rocha;CPF: 007.273.424-87;RG: 454.101 SSP-AL;Documento: R.G. N° 454.101/SSP-AL;Área em hectares: 58,8418 ha
062569.pdf;Nome: ;CPF:;RG:;Documento:;Área em hectares: 
062569_001.pdf;Nome: Amazilda Vieira da Rocha;CPF: 139.656.624-49;RG: 504.543 SSP-AL;Documento: R.G. N°504.543 SSP-AL;Área em hectares: 18,0449 ha
062571.pdf;Nome: Benvinda Maria da Conceição e outros; CPF: 073.864.194-49;RG: ; Documento: C.P.F N° 073.864.194-49; Área em hectares: 20,8466 ha
062571_001.pdf;Nome: Benvinda Maria da Conceição;CPF: 073.864.194-49;RG: ;Documento: C.P.F N° 073.864.194-49;Área em hectares: 20,8466 ha
062573.pdf;Nome: Demesio Veríssimo Neto;CPF: 332.548.774-20;RG: ;Documento: C.P.F. N° 332.548.774-20;Área em hectares: 10,1760 ha
062573_001.pdf;Nome: Demesio Veríssimo Neto;CPF: 332.548.774-20;RG: ;Documento: C.P.F. N° 332.548.774-20;Área em hectares: 10,1760 ha
062580.pdf;Nome: Eleno Valentim de Lira ;CPF: 272-008-414/04 ;RG: 454-197/SSP/AL ;Documento: ;Área em hectares:
062582.pdf;Nome: Horácio Gabriel de Lima;CPF: ;RG: 232-824/SSP/AL;Documento: ;Área em hectares: 17,5951 ha
062587.pdf;Nome: José Salustiano dos Santos;CPF: 026-320-634/00;RG: 4444/SSP/AL;Documento: ;Área em hectares: 24,6868 ha
062587_001.pdf;Nome: José Salustiano dos Santos;CPF: 026.320.634-00;RG: N/A;Documento: ;Área em hectares: 24,6868 ha
062588.pdf;.Nome: José Torres Filho ;CPF: 039-541-10-4/15;RG: 225-284/SSP/AL;Documento: Carteira de Identidade;Área: 1,4088 hectares
062588_001.pdf;Nome: José Torres Filho;CPF: 039.541.104-15;RG: 225.284 SSP-AL;Documento: R.G. N° 225.284 SSP- AL, C.P.F N° 039.541.104 - 15;Área em hectares: 1,4088 ha
062589.pdf;Nome: José Vicente Ferreira Souza;CPF: 210-885-784/20;RG: 468-367-SSP/AL;Documento: ;Área em hectares: 17,3952
062589_001.pdf;Nome: José Vicente Ferreira;CPF: 210.885.784-20;RG: 468.367 SSP-AL;Documento: R.G. N° 468.367 SSP-AL;Área em hectares: 17,3952 ha
062596.pdf;Nome: Julio Claudino da Silva ;CPF: 469.962.224-00 ;RG: ;Documento: ;Área em hectares: 4,0455 ha
062596_001.pdf;Nome: Júlio Claudino da Silva;CPF: 469.962.224-00;RG: ;Documento: C.P.F. Nº 469.962.224-00;Área em hectares: 4,0455 ha
062603.pdf;Nome: Manoel Joaquim dos Santos ;CPF: 511 156/AL ;RG: ;Documento: ;Área em hectares: 2,3937 ha
062603_001.pdf;Nome: Manoel Joaquim dos Santos;CPF: ;RG: 511.156 SSP-AL;Documento: R.G. N° 511.156 SSP-AL;Área em hectares: 2,3937 ha
062604.pdf;Nome: Maria dos Prazeres Rochan;CPF: 139-655-734/20;RG: 86-756/MT/AL;Documento: ;Área: 38 hectares, 11 ares e cinquenta centiares
062604_001.pdf;Nome: Maria dos Prazeres Rocha;CPF: 139.655.734-20;RG: 86.756 SSP-AL;Documento: R.G. N° 86.756 SSP-AL;Área em hectares: 38,1152 ha
