Nº TÍTULO;NOME;CPF;RG;DOCUMENTO;ÁREA (ha)
000348.pdf;Nome: Cícera Márcia da Silva;CPF: 1999001016637;RG: SSP/AL00746137400;Documento: N.° 1097/2014;Área em hectares: 56,1310 ha
000349.pdf;Nome: José Guedes Cavalcante;CPF: 03596486491;RG: 130.633-SSP/AL;Documento: N° 130.633-SSP/AL 03596486491;Área em hectares: 21,3479 ha
000351.pdf;
000353.pdf;Nome: José Everaldo de Andrade Silva;CPF: 0771219404;RG: 139.640-SSP/AL;Documento: N° 139.640-SSP/AL;Área em hectares: 99,2206 ha
000354.pdf;Nome: José Everaldo de Andrade Silva;CPF: 087.712.194-04;RG: 139.640-SSP/AL;Documento: N° 0959/2014;Área em hectares: 98,4278 ha
000355.pdf;Nome: Geraldo Tenório Silveira Junior;CPF: 56454244415;RG: 760.690-SSP/AL;Documento: Título N.° 355;Área em hectares: 32,9215 ha
000356.pdf;Nome: GERALDO TENÓRIO SILVEIRA JUNIOR;CPF: 56454244415;RG: 760.690-SSP/AL;Documento: N° 1085/2014;Área em hectares: 329,3287 ha
000357.pdf;Nome: Pedro Petrucio Vieira da Silva;CPF: 2001001224616;RG: 13611852449;Documento: 2001001224616-SSP/AL;Área em hectares: 96,5334 ha
000358.pdf;Nome: Edvaldo Pinheiro Tenório;CPF: 15365034449;RG: 181.740-SSP/AL;Documento: N° 181.740-SSP/AL15365034449;Área em hectares: 615,5476 ha
000359.pdf;Nome: Edvaldo Pinheiro;CPF: 15365034449;RG: 181.740-SSP/AL;Documento: N° 181.740-SSP/AL15365034449;Área em hectares: 298,7642 ha
000360.pdf;Nome: Antonio Arnaldo Bezerra Cansanção Neto;CPF: 07938969400;RG: 139.243-SSP/AL;Documento: N.° 1088/2014;Área em hectares: 73,9201 ha
000361.pdf;Nome: Antonio Arnaldo Bezerra Cansanção Neto;CPF: 07938969400;RG: 139.243-SSP/AL;Documento: N.° 361;Área em hectares: 28,2162ha
000362.pdf;Nome: Antonio Arnaldo Bezerra Cansanção Neto;CPF: 07938969400;RG: 139.243-SSP/AL;Documento: N.° 1083/2014;Área em hectares: 84,5680 ha
000363.pdf;Nome: Antonio Arnaldo Bezerra Cansanção Neto;CPF: 07938969400;RG: 139.243-SSP/AL;Documento: N.° 1108/2014;Área em hectares: 58,0093ha
000364.pdf;Nome: Antônio Cavalcante de Araújo;CPF: 02746409453;RG: 76.835-SSP/AL;Documento:;Área em hectares: 62,3434 ha
000365.pdf;Nome: Alex Sandro de Moura Rebêlo;CPF: 98001229002;RG: 94102830430;Documento: 98001229002-SSP/AL;Área em hectares: 134,0537 ha
000366.pdf;Nome: Francisco Antônio de Farias Barbosa;CPF: 98001132149-SSP/AL;RG: 11108045472;Documento: 980001132149-SSP/AL 11108045472;Área em hectares: 390,2232 ha
000367.pdf;Nome: Franklin Vilela de Vasconcelos;CPF: 14493497491;RG: 194.909-SSP/AL;Documento: Título N.o 367;Área em hectares: 201,0133 ha
000368.pdf;Nome: Maria José Marinho de Araújo;CPF: 54079462468;RG: 284.016-SSP/AL;Documento: Título N.° 368;Área em hectares: 62,3972 ha
000369.pdf;Nome: Terezinha Cavalcante de Araújo;CPF: 40821560468;RG: 1.624.377-SSP/AL;Documento: N.° 002, datado de 14/10/2011;Área: 62,9430 ha
000370.pdf;Nome: Maurício Omena de Araújo;CPF: 90327438487;RG: 1.246.308-SSP/AL;Documento: N.° 244.074.000.469-4;Área em hectares: 51,7277 ha
000371.pdf;Nome: Cristovão Lins da Rosa Oiticica;CPF: 2001001088437;RG: 06156762434;Documento: 2001001088437-SSP/AL;Área em hectares: 232,5460 ha
000372.pdf; 
000373.pdf;Nome: Rosa Percides de Araújo Albuquerque;CPF: 090.895.804-84;RG: 32730446-SSP/AL;Documento: 090.895.804-84;Área: 0,5 hectares
000374.pdf;Nome: José Nivaldo Lins de Albuquerque;CPF: 00808083449;RG: 114.245-SSP/AL;Documento: N° 114.245-SSP/AL00808083449;Área em hectares: 137,2443 ha
000375.pdf;Nome: Fábio José Bittencourt Araújo;CPF: 38481065404;RG: 611.251-SSP/AL;Documento: N° 611.251-SSP/AL 38481065404;Área em hectares: 66,6921 ha
000376.pdf;Nome: Rodrigo Omena Lopes de Farias;CPF: 2000001125898-SSP/AL;RG: 51693844400;Documento: 2000001125898-SSP/AL 51693844400;Área em hectares: 1.094,2062 ha
000377.pdf;Nome: Jurandir Jurema Fragôso;CPF: 83931-SSP/AL;RG: 00430170459;Documento: 83.931-SSP/AL 00430170459;Área em hectares: 245.5101 ha
000378.pdf;Nome: Autelina Clementino Calheiro;CPF: 99001149546-SSP/AL;RG: 31016529449;Documento: 99001149546-SSP/AL 31016529449;Área em hectares: 108,8162 ha
000379.pdf;Nome: Rosa Maria Cavalcante de Omena Souza;CPF: 03060348405;RG: 1.546.421-SSP/AL;Documento: Título N.° 379;Área em hectares: 1,3894 ha
000380.pdf;Nome: Valvá Brandão de Omena Souza, Alvanessa Brandão Maya de Omena, Juliana Brandão Omena de Carvalho;CPF: 151.570.594-34, 347.661.544-87, 845.945.844-87;RG: 256.385
000381.pdf;Nome: Juarez de Araújo Fragôso;CPF: 12947270444;RG: 220.903-SSP/AL;Documento: 12947270444;Área em hectares: 68,7500 ha
000382.pdf;Nome: Rosângela Menezes de Oliveira Pita;CPF: 511.626-SSP/AL;RG: 72433396468;Documento: 511.626-SSP/AL 72433396468;Área em hectares: 27,0377 ha
000383.pdf;Nome: Dandara da Fonseca Marques;CPF: 3.660.451-8;RG: 07792542440;Documento: 3.660.451-8-SSP/AL;Área em hectares: 235,1601 ha
000384.pdf;Nome: Dandara da Fonseca Marques;CPF: 3.660.451-8;RG: 07792542440;Documento: 3.660.451-8-SSP/AL;Área em hectares: 38,4623 ha
000385.pdf;Nome: Luiz Fernando Santana Doria;CPF: 193.583-SSP/AL;RG: 02213974500;Documento: N° 193.583-SSP/AL 02213974500;Área em hectares: 76,3411 ha
000386.pdf;Nome: Luiz Fernando Santana Doria;CPF: 193.583-SSP/AL;RG: 02213974500;Documento: Título N. 386;Área em hectares: 62,8275 ha
000387.pdf;Nome: Juarez Almeida Cavalcanti de Albuquerque;CPF: 42.198-SSP/AL;RG: 00741469472;Documento: 42.198-SSP/AL 00741469472;Área em hectares: 237,5027 ha
000388.pdf;Nome: Maria Guedes de Araújo;CPF: 30948533404;RG: 392.286-SSP/AL;Documento: N° 392.286-SSP/AL 30948533404;Área em hectares: 43,3558 ha
000389.pdf;Nome: Maria Cristina Cavalcante de Araújo Lopes Ferreira;CPF: 16129500-SSP/AL;RG: 03059275408;Documento: 1.612.950-SSP/AL;Área em hectares: 4,8085 ha
000390.pdf;
000391.pdf;
000392.pdf;Nome: Manoel de Mendonça Fragoso;CPF: 02775190472;RG: 104.495-SSP/AL;Documento: Título N.° 392;Área em hectares: 286,2211 ha
000471.pdf;Nome: Maria Célia Araújo Lopes de Farias;CPF: 66234271472;RG: 115.842 - SSP/AL;Documento: N.° 471;Área em hectares: 608,6835 ha
000472.pdf;Nome: José Fragôso de Melo Júnior;CPF: 162.059;RG: 09889787415;Documento: N.° 162.059 - SSP/AL 09889787415;Área em hectares: 232,7420 ha
000473.pdf;Nome: Aline Tenório da Silva;CPF: 99001169032;RG: 05399307413;Documento: ;Área em hectares: 77,9077 ha
000482.pdf;Nome: Cícero Marcelo Baptista Fragoso;CPF: 229.913-SSP/AL;RG: 00807869449;Documento: 229.913-SSP/AL 00807869449;Área em hectares: 201,7854 ha
000537.pdf;Nome: José Alberto Barroso Barreto;CPF: ; RG: 695.656-SSP/PE; Documento: 695.656-SSP/PE; Área em hectares: 61,4363 ha
000621.pdf;Nome: Joaquim Gomes Neto;CPF: 71.072-SSP/AL;RG: 00767786491;Documento: 71.072-SSP/AL 00767786491;Área em hectares: 172,9082 ha
000622.pdf;Nome: Luiz Fernando Santana Doria;CPF: 193.583-SSP/AL;RG: 02213974500;Documento: ;Área em hectares: 28,2371 ha
000859.pdf;Nome: JOSEFA VERÇOSA VASCONCELOS;CPF: 16423976449;RG: 184.611-SSP/AL;Documento: ;Área em hectares: 262.6774
000879.pdf;Nome: Antonio Arnaldo Bezerra Cansanção Neto;CPF: 07938969400;RG: 139.243-SSP/AL;Documento: N.° 0042;Área em hectares: 327.1001
000880.pdf;Nome: Luiz Fernando Santana Doria;CPF: 193.583-SSP/AL;RG: 02213974500;Documento: ;Área em hectares: 67.5298 ha
000881.pdf;Nome: Luiz Fernando Santana Doria;CPF: 02213974500;RG: 193.583-SSP/AL;Documento: N° 0049;Área em hectares: 131.9700 ha
000882.pdf;Nome: José Marques da Silva;CPF: 198.249-SSP/AL;RG: 04900456420;Documento: N° 198.249-SSP/AL 04900456420;Área em hectares: 27.1020 ha
000957.pdf;Nome: Arlindo Gomes da Silva Rêgo - Espólio;CPF: 258.093 00739332449;RG: N/A;Documento: N° 258.093 00739332449;Área em hectares: 109.2047 ha
