Nº TÍTULO;NOME;CPF;RG;DOCUMENTO;ÁREA (ha)
015943.pdf;Nome: Vicente Domingos de Lira;CPF: 384.579.204-30;RG: ;Documento: C.P.F 384.579.204-30;Área em hectares: 0,8109 ha
044664.pdf;Nome: José Pereira da Silva;CPF: -;RG: 520.548 SSP/AL;Documento: RG 520.548 SSP/AL;Área em hectares:
044811.pdf;Nome: Manoel Vieira Nunes;CPF: -;RG: 399.168 SSP/; Documento: -; Área em hectares: 
044878.pdf;Nome: Maria Pereira da Silva;CPF: ;RG: ;Documento: CTPS 92551 AL;Área em hectares: 5,9117 ha
044884.pdf;Nome: Pedro José da Silva;CPF: ;RG: ;Documento: CTPS 4082 AL;Área em hectares: 2,8307 ha
045070.pdf;Nome: Lazaro Firmino da Silva;CPF: -;RG: 568.347 SSP/AL;Documento: RG 568.347 SSP/AL;Área em hectares: 1,3509 ha
045102.pdf;Nome: José Alves da Silva;CPF: ;RG: 580.454 SSP/AL;Documento: RG;Área em hectares: 4,8349 ha
045152.pdf;Nome: Manoel Gonzaga;CPF: ;RG: 10.962.136 SSP/SP;Documento: RG 10.962.136 SSP/SP;Área em hectares: 1,8329 ha
046863.pdf;Nome: Luiz Silvano de Araujo;CPF: ;RG: ;Documento: CTPS 46949 AL;Área em hectares: 1,0230 ha
046879.pdf;Nome: Luzia Maria das Graças;CPF: ;RG: 388.313 SSP/AL;Documento: RG 388.313 SSP/AL;Área em hectares: 0,6399 ha
046911.pdf;Nome: Jailson Martins Rocha;CPF: ;RG: 456.575 SSP/AL;Documento: RG;Área em hectares: 7,4022 ha
046922.pdf;Nome: José Benedito Vieira;CPF: -;RG: 490.447 SSP/AL;Documento: RG 490.447 SSP/AL;Área em hectares: 2,8178 ha
046924.pdf; -
047003.pdf;Nome: Lindalva Gonzaga da Rocha;CPF: -;RG: 633.202 SSP/AL;Documento: RG;Área em hectares: 4,8417 ha
047024.pdf;Nome: José Sebastião da Silva;CPF: ;RG: ;Documento: CTPS 037467 AL;Área em hectares: 0,3595 ha
047126.pdf;Nome: Ludugero Manoel da Silva;CPF: ;RG: 328.950 SSP/AL
047208.pdf;Nome: Maria de Lourdes dos Santos;CPF: -;RG: 518.611 SSP/AL;Documento: RG;Área em hectares: 0,6306 ha
049617.pdf;Nome: Estado de Alagoas;CPF: N/A;RG: N/A;Documento: ;Área em hectares: 27,8370 ha
049625.pdf;Nome: José Feitosa;CPF: -;RG: 303.220-SSP/AL;Documento: RG;Área em hectares: 8,0368 ha
049693.pdf;Nome: José Luiz Alencar;CPF: -;RG: -;Documento: CTPS 72034 AL;Área em hectares: 3,2049 ha
049753.pdf;Nome: Laura de Freitas Silva;CPF: ;RG: 322.542 SSP/AL;Documento: RG;Área em hectares: 2,4711 ha
049766.pdf;Nome: José Benedito Vieira;CPF: -;RG: 490.447 SSP/AL;Documento: RG;Área em hectares:
049802.pdf;Nome: Luzenira Pereira;CPF: ;RG: ;Documento: CTPS 072064;Área em hectares: 2,6100 ha
049843.pdf;Nome: Manoel Vieira Nunes;CPF: -;RG: 399.168 SSP/AL;Documento: RG 399.168 SSP/AL;Área em hectares: 0,3782 ha
049886.pdf;Nome: José Oliveira Alencar;CPF: 123.456.789-00; RG: -; Documento: RG 410.111 SSP/AL; Área em hectares: 0,0522 ha.
049918.pdf;Nome: Juvenal Gonzaga da Rocha;CPF: -;RG: 283.841 SSP/AL;Documento: RG 283.841 SSP/AL;Área em hectares: 3,3315 ha
049928.pdf; - 
049928_001.pdf;Nome: Dernival Alves Soares;CPF: -;RG: 303.288-SSP/AL;Documento: RG;Área em hectares:
049967.pdf;Nome: Cícero Ferreira da Silva;CPF: ;RG: ;Documento: C.T. 71.842 -AL;Área em hectares: 3,5380ha
049983.pdf;Nome: José Claudio da Silva Rocha;CPF: -,RG: RG. 702.157 SSP/AL;Documento: RG. 702.157 SSP/AL;Área em hectares: 2,8218 ha
049990.pdf;Nome: José Dionizio Sobrinho;CPF: -;RG: 444.990 SSP/AL;Documento: RG;Área em hectares: 12,6200 ha
050012.pdf;Nome: Lourival Rodrigues Santos;CPF: ;RG: ;Documento: CTPS 72047 AL;Área em hectares: 0,3720 ha
050017.pdf;Nome: José Ailton Gomes Bezerra;CPF: 045.876.123-45; RG: 12.345;Documento: T.ELEITOR 47832 AL; Área em hectares:
050018.pdf;Nome: Lindinalva Vieira Novais;CPF: ;RG: ;Documento: CTPS 76470 AL;Área em hectares: 2,1852 ha
050043.pdf;Nome: Pedro Alves Fidelis;CPF: ;RG: 494.765 SSP/AL;Documento: RG 494.765 SSP/AL;Área em hectares: 16,2457 ha
050050.pdf;Nome: José Rodrigues Brandão;CPF: -;RG: 678.247 SSP/AL;Documento: RG.678.247 SSP/AL;Área em hectares: 1,5030 ha
050051.pdf; -
050079.pdf;Nome: Luiz Ferreira Dionizio;CPF: ;RG: ;Documento: CTPS 029566 AL;Área em hectares: 3,1206ha
050279.pdf;Nome: José Sotero Silva;CPF: -;RG: 359.345 SSP/AL;Documento: RG;Área em hectares: 5,2388 ha
050286.pdf;Nome: José Pereira da Silva;CPF: -;RG: 13.355.023 SSP/SP;Documento: RG 13.355: Área em hectares:
050293.pdf;Nome: José Sebastião da Silva;CPF: -;RG: -;Documento: C.Reservista 822724 AL;Área em hectares: 0,4326 ha
050301.pdf;Nome: José Francisco da Silva;CPF: ;RG: ;Documento: CTPS 32327 AL;Área em hectares: 2,9406 ha
050341.pdf;Nome: José Alves de Oliveira;CPF: ;RG: ;Documento: T. Eleitor 13456 AL;Área em hectares: 5,5235 ha
050343.pdf;Nome: José Luiz da Silva; CPF: 045.876.123-45; RG: 12.345.678-9; Documento: CTPS 31788; Área em hectares: 4,3306 ha.
050346.pdf;Nome: Manoel Alves de Oliveira;CPF: ;RG: ;Documento: T.Eleitor 31664;Área em hectares: 9,3581 ha
050358.pdf;Nome: Vilma Maria de França;CPF: ;RG: ;Documento: CTPS 46968 AL;Área em hectares: 1,3557ha
050376.pdf;Nome: José Rodrigues de Lima;CPF: -;RG: ;Documento: C.R. 822.7; Área em hectares:
050413.pdf;Nome: Augusto Rodrigues de Lima;CPF: ;RG: 146.299 SSP/AL;Documento: RG;Área em hectares: 14,7307 ha
050428.pdf;Nome: Gilberto Araujo Vieira;CPF: -;RG: 354.918SSP/AL;Documento: RG.354.918SSP/AL;Área em hectares: 125,0068 ha
050455.pdf;Nome: Roque André dos Santos;CPF: -;RG: 403.590SSP/AL;Documento: RG;Área em hectares: 33,8198 ha
050461.pdf;Nome: Paulo Alves dos Santos;CPF: ;RG: ;Documento: T.E -41.403;Área em hectares: 11,8563 ha
050462.pdf;Nome: Arnaldo Gaia Nepomuceno;CPF: -;RG: 293.220 SSP/AL;Documento: RG. 293.220 SSP/AL;Área em hectares: 149,5220 ha
050504.pdf;Nome: Eraldo Soares Damasceno;CPF: Não informado;RG: 201.819 SSP/AL;Documento: RG. 201.819 SSP/AL;Área em hectares: 66,1253 ha
050505.pdf;Nome: Genier Pereira Silva;CPF: ;RG: 431.583 SSP/AL;Documento: RG.431.583 SSP/AL;Área em hectares: 30,4194 ha
050506.pdf;Nome: Maria Ferreira Lima;CPF: ;RG: ;Documento: CTPS 65.330AL;Área em hectares: 34,6119 ha
050517.pdf;Nome: Manoel André dos Santos;CPF: -;RG: 512.106SSP/AL;Documento: R.G.512.106SSP/AL;Área em hectares: 21,5821 ha
050522.pdf;Nome: Eva Albuquerque;CPF: -;RG: 184.084SSP/AL;Documento: RG.184.084SSP/AL;Área em hectares: 12,3738 ha
050535.pdf;Nome: Everaldo de Castro;CPF: ;RG: 197.515 SSP/AL;Documento: RG;Área em hectares: 44,2355 ha
050572.pdf;Nome: Pedro Rodrigues Limeira;CPF: ;RG: 178.357 SSP/AL;Documento: RG;Área em hectares: 19,6979 ha
050604.pdf;Nome: Terid Cavalcante de Albuquerque Carvalho;CPF: ;RG: 410.913 SSP/AL;Documento: RG.410.913 SSP/AL;Área em hectares: 55,0344 ha
050613.pdf;Nome: Francisco Zeferino dos Santos;CPF: ;RG: 315.976 SSP/AL;Documento: RG. 315.976 SSP/AL;Área em hectares: 26,6345 ha
050615.pdf;Nome: Manoel Januário Silva;CPF: ;RG: 732.594SSP/AL;Documento: RG;Área em hectares: 30,8456 ha
050622.pdf;Nome: Neide Ambrosio Soares Rocha;CPF: ;RG: 5.668.387 SSP/SP;Documento: RG.5.668.387 SSP/SP;Área em hectares: 3,4510 ha
050646.pdf;Nome: Edivan dos Santos Lima;CPF: Não informado;RG: 214.892SSP/AL;Documento: RG. 214.892SSP/AL;Área em hectares: 71,8447 ha
0506646.pdf;Nome: Edivan dos Santos Lima;CPF: Não informado;RG: 214.892SSP/AL;Documento: RG. 214.892SSP/AL;Área em hectares: 71,8447 ha
050829.pdf;Nome: Lazaro Firmino da Silva;CPF: -;RG: 568.347 SSP/AL;Documento: RG 568.347 SSP/AL;Área em hectares: 3,7495 ha
050849.pdf;Nome: Manoel Rodrigues Silva;CPF: ;RG: ;Documento: T.Eleitor 44633 AL;Área em hectares: 1,0232 ha
050853.pdf;Nome: José Antonio dos Santos;CPF: ;RG: ;Documento: T. E; Área em hectares: -
050860.pdf;Nome: Lindalva Rosa de Melo;CPF: -;RG: 525.194 SSP/AL;Documento: RG 525.194 SSP/AL;Área em hectares: 7,5934 ha
050868.pdf;Nome: Luiz Gonzaga de Morais;CPF: ;RG: 451.515 SSP/AL;Documento: RG;Área em hectares: 2,5187 ha
050878.pdf; -
050895.pdf;Nome: José Francisco da Silva;CPF: -;RG: 240.103-SSP/AL;Documento: RG;Área em hectares: 5,0293 ha
050897.pdf;Nome: José Honorato dos Santos;CPF: 020.890.976-00; RG: 566.956-SSP/AL; Documento: ;Área em hectares: 
050948.pdf;Nome: Genival Honório da Silva;CPF: -;RG: 383.485-SSP/AL;Documento: RG;Área em hectares: 1,4830 ha
050959.pdf;Nome: Lazaro Firmino da Silva;CPF: -;RG: 568.347 SSP/AL;Documento: RG 568.347 SSP/AL;Área em hectares: 1,5770 ha
050980.pdf;Nome: José Angelo da Silva;CPF: ;RG: 303.518-SSP/ES;Documento: -;Área em hectares: 1,0379 ha
050993.pdf;Nome: José Ramalho;CPF: ;RG: ;Documento: CTPS 66310 AL;Área em hectares: 1,1420 ha
050995.pdf;Nome: Siloé Alencar Silva;CPF: ;RG: 236.356 SSP/AL;Documento: RG 236.356 SSP/AL;Área em hectares: 3,5317 ha
051014.pdf; -
051040.pdf; - 
051056.pdf;Nome: José Felix Alves Filho;CPF: ;RG: ;Documento: CTPS 42919 AL;Área em hectares: 0,4860 ha
051066.pdf; -
051069.pdf;Nome: José Oliveira Alencar;CPF: -; RG: -; Documento: RG. 410.111 SSP/AL;Área em hectares: 0,3065 ha.
051081.pdf;Nome: Edivaldo dos Reis;CPF: ;RG: 462.244-SSP/AL;Documento: -; Área em hectares: -
051102.pdf;Nome: Luiza Galdino Alves;CPF: ;RG: ;Documento: CTPS 072063 AL;Área em hectares: 1,9717 ha
051103.pdf;Nome: José Alves da Silva;CPF: ;RG: 487.516 SSP/
051117.pdf; -
051132.pdf;Nome: José Caetano da Silva;CPF: ;RG: 487.551 SSP/AL;Documento: RG;Área em hectares: 3,0135 ha
051166.pdf;Nome: José Oliveira Alencar;CPF: ;RG: 410.111-SSP/AL;Documento: RG;Área em hectares: 2,2463 ha
051180.pdf;Nome: José Pinto Cordeiro;CPF: -;RG: -;Documento: T.Eleitor 30023;Área em hectares: 1,0533 ha
051197.pdf;Nome: Olavo Manoel da Silva;CPF: ;RG: ;Documento: CTPS 078254 AL;Área em hectares: 25,4992 ha
051198.pdf;Nome: Lazaro Firmino da Silva;CPF: -;RG: 568.347 SSP/AL;Documento: RG 568.347 SSP/AL;Área em hectares: 2,7640 ha
051199.pdf;Nome: José Antonio dos Santos;CPF: ;RG: 241.980 SSP/AL;Documento: RG;Área em hectares: 2,9003 ha
051212.pdf;Nome: José Antonio dos Santos;CPF: -;RG: 241.980-SSP/ALI;Documento: RG;Área em hectares: 8,9490 ha
051213.pdf;Nome: José Caetano da Silva;CPF: ;RG: 487.551 SSP/AL;Documento: RG;Área em hectares: 0,9444 ha
051236.pdf;Nome: Paulo Roberto Vieira;CPF: ;RG: 361.819 SSP/AL;Documento: RG 361.819 SSP/AL;Área em hectares: 17,1697 ha
051238.pdf;Nome: Maria José Vieira da Silva;CPF: ;RG: 307.219 SSP/AL;Documento: RG 307.219 SSP/AL;Área em hectares: 20,9744 ha
051244.pdf; -
