Nº TÍTULO;NOME;CPF;RG;DOCUMENTO;ÁREA (ha)
001462.pdf;Nome: José Elias Gomes;CPF: ;RG: ;Documento: CT 38405 SÉRIE0002-AL;Área em hectares: 9,9220 ha
001463.pdf;Nome: José Elias da Silva;CPF: 2872249SSP/PE;RG: ;Documento: CI 2872249SSP/PE;Área em hectares: 9,4653 ha
001898.pdf;Nome: Adelmo Alves da Silva;CPF: ;RG: Resevista 643522-20ª CSM;Documento: Resevista 643522-20ª CSM;Área em hectares: 0,1245 ha
001999.pdf;Nome: Alberto Rodrigues de Alencar;CPF: ;RG: ;Documento: Título de Eleitor 24524-62ª SEÇ- CANAPÍ/AL;Área em hectares: 6,3680 ha
002032.pdf;Nome: Alita Mendes da Silva;CPF: ;RG: ;Documento: Certidão de Casamento 1199, L, 11, FLS 206 Bezerro-PE;Área em hectares: 7,0169 ha
002213.pdf;Nome: José Cabral de Barros;CPF: ;RG: ;Documento: CN2907 L.AFLS.40VB.CONSELHO-PE;Área em hectares: 9,0591 ha
002214.pdf;Nome: José Cabral de Barros;CPF: ;RG: ;Documento: CN 2907, L-4, FLS.40V, CRI-B.CONSELHO-PE;Área em hectares: 9,2845 ha
002219.pdf;Nome: José Renato da Silva;CPF: ;RG: ;Documento: CDI 411850 20ªCSM 7ª RM-MACEIÓ-AL;Área em hectares: 2,9405 ha
002411.pdf;Nome: Maria do Carmo Rocha;CPF: ;RG: 431.538 SSP/AL;Documento: RG;Área em hectares: 20,3269 ha
002413.pdf;Nome: Manoel Horácio de Alencar;CPF: ;RG: ;Documento: CTPS 01281 SÉRIE 295/AL;Área em hectares: 27,9689 ha
002505.pdf;Nome: José Soares de Elizeu;CPF: ;RG: ;Documento: Certidão de Casamento 2041, FLS 69, L.B-12/Mata Grande/AL;Área em hectares: 71,3087 ha
002508.pdf;Nome: Leonel Alves Gama;CPF: ;RG: 138.561 SSP/AL;Documento: RG.138.561 SSP/AL;Área em hectares: 51,7530 ha
006954.pdf;Nome: João Francélino da Silva;CPF: ;RG: ;Documento: CC 189 FLS.26-VLIV.2-B AUX.INAJÁ-PE;Área em hectares: 10
006962.pdf;Nome: Vicente Valério da Silva;CPF: ;RG: ;Documento: CT 58192 AL;Área em hectares: 2,7526 ha
006989.pdf;Nome: José Cândido Filho;CPF: ;RG: ;Documento: CT 075999 SÉRIE 0002-AL;Área em hectares: 7,2745 ha
007031.pdf;Nome: Gonçalo Marques da Silva;CPF: ;RG: ;Documento: CT 078636/AL;Área em hectares: 2,0378 ha
007034.pdf;Nome: José Severiano Brandão;CPF: ;RG: ;Documento: CT 050.674 MTPS;Área em hectares: 1,2689 ha
007111.pdf;Nome: Genaldo Nunes de Oliveira;CPF: ;RG: ;Documento: Certidão de Casamento 1942, L.B 11, FLS 270/AL;Área em hectares: 105,1779 ha
007112.pdf;Nome: Hélio Soares da Gama;CPF: ;RG: ;Documento: Certidão de Nascimento 22259, FLS 380, L.A-26/AL;Área em hectares: 27,6676 ha
007125.pdf;Nome: Severino José Teixeira;CPF: ;RG: Reservista 50.878. Série A.7ª RM-AL;Documento: Reservista 50.878. Série A.7ª RM-AL;Área em hectares: 0,4604 ha
007126.pdf;Nome: Vanildo Ferreira de Macedo;CPF: ;RG: ;Documento: Certidão de Casamento 273 L, 02 FLS.50 - Teresina/PI;Área em hectares: 20,6398 ha
007132.pdf;Nome: Irineu Dorescavalcante;CPF: 460569;RG: SSP-AL;Documento: CI;Área em hectares: 98,6650 ha
007206.pdf;Nome: Rodrigues Araújo de Mendonça;CPF: ;RG: ;Documento: CC 398.L.188.FLS.166;Área em hectares: 7,0715 ha
007220.pdf;
007237.pdf;Nome: VALDOMIRO VIEIRA LEMOS;CPF: ;RG: ;Documento: CN 1087 L.A-2;Área em hectares: 2,8368 ha
008454.pdf;Nome: João Bezerra de Oliveira;CPF: ;RG: ;Documento: CC L-18 FLS.62 E63 CRC/BUIQUE PE;Área em hectares: 1,1994 ha
008478.pdf;
008485.pdf;Nome: Eulina Pereira da Silva;CPF: ;RG: ;Documento: C.I 518565SSP/AL;Área em hectares: 10,7429 ha
008487.pdf;Nome: João Galdino da Silva;CPF: ;RG: ;Documento: CT 85617 SSP/PE;Área em hectares: 26,5356 ha
008499.pdf;Nome: José França Vieira;CPF: ;RG: ;Documento: CN 4333/MATAGRANDE;Área em hectares: 3,0124 ha
008515.pdf;Nome: Luiz Barra da Silva;CPF: 447.817 SSP/AL;RG: -;Documento: CI 447.817 SSP/AL;Área em hectares: 1,9627 ha
008537.pdf;Nome: Benito Juarez Soares;CPF: 797806;RG: SSP/AL;Documento: CI 797806 SSP/AL;Área em hectares: 50,6454 ha
008541.pdf;Nome: Geneva Flora da Conceição;CPF: ;RG: ;Documento: CN 13262;Área em hectares: 9.4345 ha
008578.pdf;Nome: Elias Rodrigues Vieira;CPF: CC 826CRC-AL;RG: -;Documento: CC 826CRC-AL;Área em hectares: 11,6772 ha
008581.pdf;Nome: Expedito Pereira da Silva;CPF: ;RG: ;Documento: CI 523821SSP/AL;Área em hectares: 9.1018 ha
008600.pdf;Nome: Maria Pastora da Conceição;CPF: CN 23988/CRC/AL;RG: -;Documento: CN 23988/CRC/AL;Área em hectares: 1,2344 ha
008635.pdf;Nome: Amadeu Gomes da Silva;CPF: 11246608;RG: -;Documento: CI 11246608SSP/SP;Área em hectares: 3,5777 ha
008672.pdf;Nome: José Miguel Filho;CPF: ;RG: ;Documento: CT 51697 DRT -PE;Área em hectares: 10,5029 ha
008751.pdf;Nome: Antonio Vieira de Freitas;CPF: ;RG: ;Documento: CT.31076-AL;Área em hectares: 22,9239 ha
008762.pdf;Nome: Benjaim Vieira da Silva;CPF: ;RG: ;Documento: CT 025202-AL;Área em hectares: 5,4242 ha
008804.pdf;Nome: José Felix da Silva;CPF: ;RG: ;Documento: CI 515.226SSP/AL;Área em hectares: 16,1084 ha
008821.pdf;Nome: José Sebastião dos Santos;CPF:  2.438.522SSP/BA;RG: ;Documento: CI 2.438.522SSP/BA;Área em hectares: 2,0284 ha
008837.pdf;Nome: Luiz Cadete da Costa;CPF: ;RG: ;Documento: CT 41478 SP;Área em hectares: 6,3729ha
008855.pdf;Nome: Maria Severina Barbosa;CPF: ;RG: ;Documento: CC 2234;Área em hectares: 1,4208 ha
008877.pdf;Nome: Sebastião Alves Sobrinho;CPF: ;RG: ;Documento: TE 6159 - PE;Área em hectares: 22,7424 ha
008895.pdf;Nome: Antônio Lúcio Tenório;CPF: CN.2991/CRC-AL;RG: -;Documento: CN.2991/CRC-AL;Área em hectares: 50.8058 ha
008935.pdf;Nome: Manoel Xavier da Silva;CPF: ;RG: ;Documento: CC.3.890/CRC/AL;Área em hectares: 20,9547 ha
008937.pdf;Nome: Maria Farias Donascimento;CPF: ;RG: ;Documento: CC.1372/CRC/AL;Área em hectares: 13,8411 ha
008956.pdf;Nome: Lindinalva Maria da Silva;CPF: ;RG: ;Documento: CI 447.810 SSP/AL;Área em hectares: 1,9611 ha
008996.pdf;Nome: José Eduardo da Silva;CPF: ;RG: ;Documento: CC 1927 L.11FLS.39 PE;Área em hectares: 2,4961 ha
009002.pdf;Nome: Manoel Candido Sobrinho;CPF: ;RG: ;Documento: CC128, FLS.43.L.B, 3/CRC-M GRANDE;Área em hectares: 1,2168 ha
009430.pdf;Nome: João Barreiros da Silva;CPF: ;RG: ;Documento: CN 22492FLS.238,L.A-35;Área em hectares: 9,9562 ha
009431.pdf;Nome: João da Cruz Batista;CPF: ;RG: ;Documento: TE. 11342-ALAGOAS;Área em hectares: 4,3397 ha
020234.pdf;Nome: Cícero Horácio Guerra;CPF: 00.000.000-0;RG: 00.000.000-0;Documento:;Área em hectares: 
020251.pdf;Nome: João Amâncio da Silva;CPF: ;RG: ;Documento: CN. 4072-TRIUNFO/PE;Área em hectares: 5,8507 ha
020254.pdf;Nome: João da Cruz Batista;CPF: ;RG: ;Documento: CTPS 87186-AL;Área em hectares: 2,8376 ha
020255.pdf;Nome: João Francisco de Oliveira;CPF: ;RG: ;Documento: CTPS. 57675, SERIE 235ª;Área em hectares: 3,9435 ha
020268.pdf;Nome: José Marcelino de Oliveira;CPF: ;RG: ;Documento: CC. 3104, LF.S 234-V, LIV. B-15-M.G.;Área em hectares: 1,0461 ha
020271.pdf;Nome: José Miguel dos Santos;CPF: 123.456.789-00;RG:;Documento:;Área em hectares:
020272.pdf;Nome: José Pereira Lima;CPF: 123.456.789-00;RG: 123.456.789-0; Documento: ;Área em hectares:
020283.pdf;Nome: Luiz Geraldo dos Santos;CPF: ;RG: ;Documento: CC. 1765, FLS.92, LIV. B-11;Área em hectares: 5,8324 ha
020298.pdf;Nome: Miguel Lopes Donascimento;CPF: 429.906;RG: ;Documento: CI. 429.906;Área em hectares: 11,2495 ha
020302.pdf;
020634.pdf;Nome: Manoel Mariano Pereira;CPF: ;RG: ;Documento: C.T.N°7 1634/SP;Área em hectares: 1,3835 ha
020694.pdf;Nome: Maria Oliveira dos Santos;CPF: ;RG: ;Documento: C.C.2075-FLS.103-LIV.07/CRC/MATA GRANDE;Área em hectares: 7,1039 ha
020874.pdf;Nome: Maria Francisca da Silva;CPF: ;RG: ;Documento: C.T N°5.420-SÉRIE 00000/AL;Área em hectares: 1,0896 ha
022408.pdf;Nome: Manoel Antonio da Silva;CPF: ;RG: 814.195 SSP/PR;Documento: RG;Área em hectares: 9,7040 ha
023901.pdf;Nome: Antonio Henrique Demésio;CPF: ;RG: ;Documento: CN.47.593 SÉRIE 00002-AL;Área em hectares: 8,3228 ha
023902.pdf;
023904.pdf;
023905.pdf;
023907.pdf;
023908.pdf;
023912.pdf;
023913.pdf;Nome: Bernadete Maria dos Santos;CPF: ;RG: ;Documento: TE. 9950 AL;Área em hectares: 11, 8291 ha
023915.pdf;Nome: Capitulino Demésio da Silva;CPF: ;RG: 650.603 SSPAL;Documento: RG. 650.603 SSPAL;Área em hectares: 0,4748 ha
023917.pdf;
023919.pdf;
023920.pdf;
023924.pdf;
023925.pdf;
024068.pdf;Nome: Miguel Lopes Donascimento;CPF: 162.812.504-78;RG: ;Documento: CPF. 162.812.504-78;Área em hectares: 3,0900 ha
024075.pdf;Nome: Joaquim Vieira Dias;CPF: ;RG: ;Documento: CTPS 039982/AL;Área em hectares: 4,2092 ha
024082.pdf;Nome: Damião Severino da Silva;CPF: 228.913.664-68;RG: ;Documento: C.P.F 228.913.664-68;Área em hectares: 80,0474 ha
024085.pdf;Nome: José Rodrigues Lima;CPF: 305.193.904-82;RG: ;Documento: CPF. 305.193.904-82;Área em hectares: 12,1276 ha
024106.pdf;Nome: Manoel Soares Elizeu;CPF: 1504257/PE;RG: -;Documento: CI.1504257/PE;Área em hectares: 128,6442 ha
024109.pdf;Nome: José Honório Ferreira Filho;CPF: ;RG: 5.782.104 SSP/SP;Documento: RG 5.782.104 SSP/SP;Área em hectares: 3,0532 ha
024111.pdf;Nome: Sebastião Julio de Oliveira;CPF: 039913854-49;RG: ;Documento: CIC 039913854-49;Área em hectares: 42,9517 ha
024128.pdf;Nome: Manoel Vieira da Silva;CPF: 258.960.165-49;RG: ;Documento: CPF 258.960.165-49;Área em hectares: 5,6476 ha
024142.pdf;Nome: Josefa Gomes da Fonseca;CPF: ;RG: ;Documento: CT 3720 PE;Área em hectares: 2,2846 ha
024146.pdf;Nome: Rita Maria da Conceição;CPF: ;RG: ;Documento: CT 71527 AL;Área em hectares: 2,6859 ha
024156.pdf;Nome: Antonio Emídio da Gama;CPF: ;RG: 368.387 SSP/AL;Documento: RG.368.387 SSP/AL;Área em hectares: 9,4351 ha
024162.pdf;
024163.pdf;
024166.pdf;Nome: Arlindo Antonio Francisco;CPF: ;RG: ;Documento: CN. 3145, FL. 179, LIV. 10 ÁGUAS BELAS;Área em hectares: 1, 6402 ha
024169.pdf;Nome: Bené João Artur;CPF: ;RG: ;Documento: CC. 46, LIV FL.129 V;Área em hectares: 0,8110 ha
024172.pdf;Nome: Capitulino Demésio da Silva;CPF: -;RG: 650.603 SSP/AL;Documento: RG. 650.603 SSP/AL;Área em hectares: 1,3077 ha
024175.pdf;Nome: Cícero Firmino da Silva;CPF: ; RG: ; Documento: ; Área em hectares:
024177.pdf;Nome: Cícero Hilário da Silva;CPF: ;RG: ;Documento: CTPS 045968 MTPS;Área em hectares: 1,3584 ha
024178.pdf;
024303.pdf;Nome: Antonia Maria da Conceição;CPF: ;RG: CN.N°10.542 CRC AL.;Documento: CN.N°10.542 CRC AL.;Área em hectares: 5,0571 ha
024318.pdf;Nome: Manoel Odilon da Silva;CPF: ;RG: ;Documento: CN 2957FLS.166 L.4 CRC-PE;Área em hectares: 4,7215 ha
024326.pdf;Nome: Reginaldo Bezerra de Araújo;CPF: ;RG: ;Documento: CC4771 CRC-AL;Área em hectares: 1,7932 ha
024334.pdf;
024336.pdf;
024338.pdf;
024339.pdf;
024340.pdf;Nome: Cícero Ferreira de Araújo;CPF: 372.965.404-78;RG: ;Documento: CPF;Área em hectares: 8,3301 ha
024446.pdf;
024453.pdf;Nome: Cícero Cirilo da Silva;CPF: 020.890.890-00;RG: MG-12.345.678;Documento: ; Área em hectares: 
