Nº TÍTULO;NOME;CPF;RG;DOCUMENTO;ÁREA (ha)
000509.pdf;Nome: Cristovão Rodrigues Silva;CPF: 77.345.494-SSP/RJ;RG: 16414853453;Documento: 77.345.494-SSP/RJ;Área em hectares: 273,9894 ha
000538.pdf;Nome: Ednilson Pinheiro;CPF: 38423154491;RG: 446.720-SSP/AL;Documento: N° 446.720-SSP/AL;Área em hectares: 230,5951 ha
000539.pdf;Nome: Ednilson Pinheiro;CPF: 38423154491;RG: 446.720-SSP/AL;Documento: Título N.° 539;Área em hectares: 108,6107 ha
000540.pdf;Nome: Ednilson Pinheiro;CPF: 38423154491;RG: 446.720-SSP/AL;Documento: N.° 0763/2015;Área em hectares: 48,5238 ha
000541.pdf;Nome: Ednilson Pinheiro;CPF: 38423154491;RG: 446.720-SSP/AL;Documento: 0765/2015;Área em hectares: 12,6123 ha
000542.pdf;Nome: Ednilson Pinheiro ;CPF: 38423154491 ;RG: 446.720-SSP/AL ;Documento: 0767/2015 ;Área em hectares: 230,6978 ha
000543.pdf;Nome: Ednilson Pinheiro Tenório;CPF: 38423154491;RG: 446.720-SSP/AL;Documento: 0768/2015;Área em hectares: 30,6252 ha
000544.pdf;
000545.pdf;
000546.pdf;
000547.pdf;Nome: Humberto Uchôa Lopes de Omena Filho ;CPF: 67823629453 ;RG: 359.654-SSP/AL ;Documento: N.° 0782/2015 ;Área em hectares: 398,6867 ha
000548.pdf;Nome: Cristovão Rodrigues Silva;CPF: 77.345.494-SSP/RJ;RG: 16414853453;Documento: N° 77.345.494-SSP/RJ 16414853453;Área em hectares: 496,0069 ha
000550.pdf;Nome: Flávio Bernardo Barros Marinho;CPF: 133.222-SSP/AL;RG: 11306335434;Documento: 133.222-SSP/AL11306335434;Área em hectares: 105,9432 ha
000551.pdf;Nome: Flávio Bernardo Barros Marinho ;CPF: 133.222-SSP/AL ;RG: 11306335434 ;Documento: 133.222-SSP/AL11306335434 ;Área em hectares: 114,8354 ha
000552.pdf;Nome: Eliza Monteiro de Amorim;CPF: 16479602404;RG: 327.214-SSP/AL;Documento: Título N.° 552;Área em hectares: 45,7337 ha
000553.pdf;Nome: Gualter Matos Peixoto;CPF: 69967881453;RG: 1.116.962-SSP/AL;Documento: Título N.° 553;Área em hectares: 156,3825 ha
000554.pdf;Nome: Teresa Maria Linstenório;CPF: 80326188487;RG: 543.956-SSP/AL;Documento: N.° 543.956-SSP/AL 80326188487;Área em hectares: 266,0245 ha
000555.pdf;Nome: Eduardo Cesar de Oliveira;CPF: 07107769421;RG: 1.794.981-SSP/AL;Documento: Título N.° 555;Área em hectares: 14,0030 ha
000556.pdf;Nome: Eraldo Rapôso Tenório;CPF: 412.579-SSP/AL;RG: 00752088491;Documento: N.° 412.579-SSP/AL 00752088491;Área em hectares: 123,1806 ha
000557.pdf;Nome: Gabriel Marinho Albert dos Santos;CPF: 99001237534-SSP/AL;RG: 01269515438;Documento: N.° 0747/2015;Área em hectares: 131,9402 ha
000558.pdf;Nome: José Adevanrebêlo Gomes;CPF: 03596923468;RG: 120.577-SSP/AL;Documento: N.° 0748/2015;Área em hectares: 23,9663 ha
000559.pdf;Nome: Cláudio Tenório da Silva;CPF: 16442822400;RG: 319.305-SSP/AL;Documento: Título N.° 559;Área em hectares: 645,8821 ha
000560.pdf;Nome: Karla Walleria Tenório da Silva;CPF: 99001315454-SSP/AL;RG: 01126977470;Documento: Memorial Descritivo do Lote N.° 0058;Área: 662,8988 ha
000561.pdf;Nome: Mariana Pontes de Miranda Lopes de Farias;CPF: 767.461-SSP/AL;RG: 72426241420;Documento: N.° 0771/2015;Área em hectares: 569,8133 ha
000562.pdf;Nome: Irene Gonçalves Tenório;CPF: 2002001043549-SSP/AL;RG: 14032678472;Documento: 2002001043549-SSP/AL14032678472;Área em hectares: 54,2517 ha
000563.pdf;Nome: José Lins Pinheiro;CPF: 11097205487;RG: 229.770-SSP/AL;Documento: 244.139.001.260-0;Área em hectares: 10,00
000564.pdf;Nome: Conceição Freitas de Omena;CPF: 16351614449;RG: 232.207-SSP/AL;Documento: Título N.° 564;Área em hectares: 586,0909 ha
000565.pdf;Nome: Afonso Francisco de Lima;CPF: 0779899404;RG: 2002001019290-SSP/AL;Documento: N.° 0784/2015;Área em hectares: 20,5665 ha
000566.pdf;Nome: Pedro Gomes de Vasconcelos;CPF: 20780680472;RG: 268.893-SSP/AL;Documento: N° 0800/2015;Área em hectares: 19,1905 ha
000567.pdf;
000568.pdf;Nome: Carlos Weligton Leite Vilela;CPF: 236.074-SSP/AL;RG: 00265950449;Documento: N° 236.074-SSP/AL 00265950449;Área em hectares: 247,6403 ha
000569.pdf;Nome: Carlos Guedes de Melo;CPF: 03977986449;RG: 112.166-SSP/AL;Documento: N° 112.166-SSP/AL;Área: 5,00 hectares
000570.pdf;"Nome: ;";"CPF: ;";"RG: ;";"Documento: ;";Área em hectares: 
000571.pdf;Nome: Nazaré Medeiros de Melo;CPF: 06005780468;RG: 247.027-SSP/AL;Documento: 0798/2015;Área em hectares: 62,6430 ha
000572.pdf;Nome: Regina Margarida Guedes Nogueira Gomes de Barros;CPF: 80348092415;RG: 261.557-SSP/AL;Documento: N.° 261.557-SSP/AL 80348092415;Área em hectares: 214,7867 ha
000574.pdf;Nome: Maria do Carmo da Cunha Lima - Espólio;CPF: 01966563469;RG: 2002001042747-SSP/AL;Documento: N° 2002001042747-SSP/AL;Área em hectares: 12,5887 ha
000575.pdf;Nome: Ivaniso Moraes;CPF: 06399762472;RG: 110.544-SSP/AL;Documento: Título N.° 575;Área em hectares: 90,7912 ha
000576.pdf;Nome: José Vieira da Costa Espólio;CPF: 16341864434;RG: 323.319-SSP/AL;Documento: Título N. 576;Área em hectares: 9,5244 ha
000577.pdf;Nome: Eliza Francelina Maria da Conceição - Espólio;CPF: 081.904-0003-AL;RG: 14487985404;Documento: 081.904-0003-AL;Área em hectares: 7,8983 ha
000578.pdf;Nome: Manoel Cansanção de Oliveira - Espólio;CPF: 02774208491;RG: 1.031.016-SSP/AL;Documento: Título N. 578;Área em hectares: 8,5685 ha
000579.pdf;Nome: Moiza de Oliveira Acioli;CPF: 34743596491;RG: 169.739-SSP/AL;Documento: Título N.° 579;Área em hectares: 63,8840 ha
000580.pdf;Nome: Pedro Juvencio Luna;CPF: 87063034472;RG: 1.194.467-SSP/AL;Documento: Título N.° 580;Área em hectares: 214,4369 ha
000581.pdf;Nome: Luiz Roberto da Silva;CPF: 1.460.259-SSP/AL;RG: 91136555404;Documento: 1.460.259-SSP/AL;Área em hectares: 21,8125 ha
000582.pdf;Nome: Maria Hilda Gomes de Lima;CPF: 86086650420;RG: 1.214.671-SSP/AL;Documento:;Área em hectares: 3,1557 hectares
000583.pdf;Nome: Maria Hilda Gomes de Lima;CPF: 86086650420;RG: 1.214.671-SSP/AL;Documento: ;Área em hectares: 7,8862
000584.pdf;Nome: Maria Hilda Gomes de Lima;CPF: 86086650420;RG: 1.214.671-SSP/AL;Documento: ;Área em hectares: 0,6411
000585.pdf;Nome: Maria Hilda Gomes de Lima;CPF: 86086650420;RG: 1.214.671-SSP/AL;Documento: ;Área em hectares: 1,6271 hectares
000586.pdf;Nome: Cícero Paes de Morais;CPF: 28752236404;RG: 475.443-SSP/AL;Documento: ;Área em hectares: 0,5984
000587.pdf;Nome: Cícero Paes de Morais;CPF: 28752236404;RG: 475.443-SSP/AL;Documento: ;Área em hectares: 1,4899
000588.pdf;Nome: Cícero Paes de Morais;CPF: 28752236404;RG: 475.443-SSP/AL;Documento: ;Área em hectares: 24,3147
000589.pdf;Nome: JOSÉ PETRUCIO DE MORAES DE LIMA;CPF: 34925686453;RG: 445.610-SSP/AL;Documento:;Área em hectares: 2,3216
000590.pdf;Nome: JOSÉ PETRUCIO DE MORAES DE LIMA;CPF: 34925686453;RG: 445.610-SSP/AL;Documento: ;Área em hectares: 0,9243 hectares
000591.pdf;Nome: Ademar Candido da Silva;CPF: 06784015436;RG: 3040183-6-SSP/AL;Documento: ;Área em hectares: 3,6189 hectares
000592.pdf;Nome: Ademar Candido da Silva;CPF: 06784015436;RG: 3040183-6-SSP/AL;Documento: ;Área em hectares: 1,3569 hectares
000593.pdf;Nome: Fernando Lima Cassimiro;CPF: 56431279468;RG: 788.569-SSP/AL;Documento: ;Área em hectares: 6,1862
000594.pdf;Nome: Maria José Cândido da Silva;CPF: 03130512403;RG: 1.190.251;Documento: ;Área em hectares: 2,0372
000595.pdf;Nome: Maria José da Conceição;CPF: 71110248423;RG: 4.030.373-0-SSP/AL;Documento: ;Área em hectares: 0,6024
000596.pdf;Nome: Plinio Batista;CPF: 08749280449;RG: 220.753-SSP/AL;Documento: ;Área em hectares: 68,5006
000597.pdf;Nome: Luiz da Silva Fernandes;CPF: 14029103472;RG: 134.471-SSP/AL;Documento: ;Área em hectares: 12,3486
000598.pdf;Nome: Amara Vieira Barboza dos Santos;CPF: 50511181434;RG: 2002001171822-SSP/AL;Documento: ;Área em hectares: 0,7022 hectares
000599.pdf;Nome: Rodrigo Cândido de Lima;CPF: 06683222410;RG: 3.035.315-7-SSP/AL;Documento: ;Área em hectares: 1,7141
000600.pdf;Nome: Maria de Fátima de Lima Silva;CPF: 95576320468;RG: 2001001099269-SSP/AL;Documento: ;Área em hectares: 1,6978 hectares
000601.pdf;Nome: Juvenal Leobino dos Santos;CPF: 34755675472;RG: 556.883-SSP/AL;Documento: ;Área em hectares: 65,0891
000602.pdf;Nome: ZILTO PAZ DE MELO;CPF: 08749302434;RG: 149.493-SSP/AL;Documento: ;Área em hectares: 19,4070
000603.pdf;Nome: José Luiz dos Santos;CPF: 49593366415;RG: 837.652-SSP/AL;Documento: ;Área em hectares: 3,9225
000604.pdf;
000605.pdf;Nome: Dorgival dos Santos;CPF: 92504744404;RG: 532.215-SSP/AL;Documento: ;Área em hectares: 3,5116
000606.pdf;Nome: JORGE CARVALHO DA SILVA;CPF: 19765355491;RG: 757.881-SSP/AL;Documento: ;Área em hectares: 2,8370 hectares
000607.pdf;Nome: Eucene Tenório Acioli;CPF: 33670153;RG: 75834243487;Documento: 33670153-3-SSP/AL;Área em hectares: 119,5129 ha
000608.pdf;Nome: José Claudino da Silva;CPF: 64477916434;RG: 1.104.570-SSP/AL;Documento: ;Área em hectares: 6,7287 hectares
000609.pdf;"Nome: ;";"CPF: ;";"RG: ;";"Documento: ;";Área em hectares: 
000610.pdf;Nome: Daniel Freitas de Omena;CPF: 25922955420;RG: 260.278-SSP/AL;Documento: 260.278-SSP/AL 25922955420;Área em hectares: 56,3536 ha
000611.pdf;Nome: Daniel Freitas de Omena;CPF: 25922955420;RG: 260.278-SSP/AL;Documento: 260.278-SSP/AL 25922955420;Área em hectares: 371,7232 ha
000612.pdf;Nome: Daniel Freitas de Omena;CPF: 25922955420;RG: 260.278-SSP/AL;Documento: 260.278-SSP/AL 25922955420;Área em hectares: 139,5645 ha
000614.pdf;Nome: Rosa Correia de Melo;CPF: 48368270430;RG: 513.638-SSP/AL;Documento: ;Área em hectares: 1,8562 hectares
000615.pdf;Nome: Matheus Augusto Lima Cassimiro de Oliveira;CPF: 10950143405;RG: 367.482-3-SSP/AL;Documento: ;Área em hectares: 3,4050 hectares
000616.pdf;
000617.pdf;Nome: Cícera Maria dos Santos;CPF: 02146877405;RG: 1.521.644-SSP/AL;Documento:;Área em hectares: 3,5545 hectares
000619.pdf;Nome: José Amaro de Morais;CPF: 33171386453;RG: 282.959-SSP/AL;Documento: ;Área em hectares: 65,1249
000620.pdf;Nome: Agamenon da Cunha Lima;CPF: 902.812.334-20;RG: 2002001124867-SSP/AL;Documento: José Ivanildo Alves da Silva;Área: 10 hectares
000913.pdf;Nome: Valdir Ramos dos Santos;CPF: 06939464409;RG: 98002026873-SSP/AL;Documento: ;Área em hectares: 1,6556 hectares
000918.pdf;Nome: José Marques Cordeiro;CPF: 34821147491;RG: 246.787-SSP/AL;Documento: ;Área em hectares: 14,4359
000954.pdf;Nome: José Oliveira da Silva;CPF: 17767938468;RG: 276.741-SSP/AL;Documento: ;Área em hectares: 39.4901
000955.pdf;Nome: Elizabete Bernardino dos Santos Farias;CPF: 07587532412;RG: 1.507.817-SSP/AL;Documento: ;Área em hectares: 2.2769
000956.pdf;Nome: Susana Lima dos Santos;CPF: 46914706468;RG: 2002001075750-SSP/AL;Documento: ;Área em hectares: 1.3183
