Nº TÍTULO;NOME;CPF;RG;DOCUMENTO;ÁREA (ha)
026781.pdf;Nome: Manoel Alves Feitosa;CPF ;RG: ;Documento: TE. 6015-AL;Área em hectares: 2,4068 ha
027154.pdf;Nome: José de Oliveira Filho;CPF 022.723.844-39;RG: ;Documento: C.P.F. 022.723.844-39;Área em hectares: 4,1624 ha
027235.pdf;Nome: Joaquim Queiroz de Souza;CPF 306500 SSP/AL;RG: ;Documento: CI: 306500 SSP/AL;Área em hectares: 51,8693 ha
027238.pdf; -
027402.pdf;Nome: Cícero Guilherme da Silva;CPF 305.039.224-04;RG: ;Documento: CPF N° 305.039.224-04;Área em hectares: 0,7463 ha
027412.pdf;Nome: Izael José da Silva;CPF ;RG: ;Documento: CTPS N° 96988/AL;Área em hectares: 1,4827 ha
027414.pdf; Nome: Januário Pereira Lima;CPF 111.809.354-20;RG: -;Documento: CPF. 111.809.354-20
027419.pdf;Nome: José Alves dos Santos;CPF ;RG: ;Documento: CTPS N° 89.933 /, Área em hectares: -
027425.pdf;Nome: José Florenço dos Santos;CPF -;RG: 540.506 SSP/AL;Documento: RG;Área em hectares: 1,7419 ha
027427.pdf;Nome: José Lima dos Anjos;CPF 075.031.995-04;RG: ;Documento: CPF N° 075.031.995-04;Área em hectares: 2,2831 ha
027430.pdf;Nome: Josefa Nunes de Queiroz;CPF ;RG: ;Documento: CTPS N° 070180/AL;Área em hectares: 3,8120 ha
027432.pdf;Nome: Lenir Alves de Souza;CPF ;RG: 0671443 SSP/AL;Documento: RG;Área em hectares: 1,7472 ha
027438.pdf;Nome: Maria Francisca do Nascimento;CPF ;RG: ;Documento: CTPS 043116 ALAGOAS;Área em hectares: 0,8912 ha
027440_001.pdf;Nome: Manoel Joaquim;CPF ;RG: ;Documento: C.T 005863;Área em hectares: 0,3616 ha
027452.pdf;Nome: Maria São Pedro da Silva;CPF ;RG: 433.981 SSP/AL;Documento: RG;Área em hectares: 1,8719 ha
027453_P.pdf; -
027454.pdf;Nome: Odilon Alves Feitosa;CPF 095464;RG: 35370/MG/V-18/84-AL;Documento: CT. 095464 AL;Área em hectares: 5.2309
027454_001.pdf; Nome: Odilon Alves Feitosa;CPF ;RG: ;Documento: C.T 095464 AL;Área em hectares: 5,2309 ha
027455.pdf; -
027462_001.pdf; -
027463.pdf;Nome: Valdenice Dantas de Oliveira;CPF 275.855.574-34;RG: ;Documento: CPF;Área em hectares: 0,7183 ha
027464_001.pdf; -
027706.pdf;Nome: Manoel Agostinho da Silva;CPF 035.860.734-53;RG: ;Documento: CPF;Área em hectares: 65,2160 ha
027712.pdf;Nome: Juvenal Machado da Silva;CPF 260.722.387-34;RG: -;Documento: CPF;Área em hectares: 68,6228 ha
027713.pdf; -
027714.pdf; -
027845.pdf;Nome: Petronio Inácio dos Reis;CPF 919.734.068-53;RG: -;Documento: CPF;Área em hectares: 28,5127 ha
028658.pdf;Nome: Francisco da Silva;CPF ;RG: ;Documento: CTPS 85925-MT;Área em hectares: 0,5639 ha
028660.pdf;Nome: Helena Maria de Jesus;CPF ;RG: ;Documento: CTPS. 069126 AL;Área em hectares: 3,4963 ha
028661.pdf;Nome: João Batista dos Santos;CPF ;RG: ;Documento: TE.5930-AL;Área em hectares: 1,3330 ha
028663.pdf;Nome: José Antonio Gonçalves;CPF ;RG: ;Documento: TE. 6222 - AL;Área em hectares: 1,6731 ha
028697.pdf;Nome: André Guilherme dos Santos;CPF 168.708.835-72;RG: ;Documento: CPF;Área em hectares: 2,0166 ha
028704.pdf; 
028706.pdf;Nome: Cicero Alves Feitosa;CPF ;RG: ;Documento: Cert. Nascimento 909, FLS 136, Liv 2-A/ Água Branca";Área em hectares: 1,2696 ha
028731.pdf;Nome: José Rodrigues da Silva;CPF 112.838.314-49;RG: ;Documento: CPF-112.838.314-49;Área em hectares: 2,3945 ha
028738.pdf; -
028743_001.pdf;Nome: Maria Carmelita da Conceição;CPF ;RG: ;Documento: C.N 1.762;Área em hectares: 0,5086ha
028748.pdf; -
028758.pdf;Nome: Maria Helena da Conceição;CPF ;RG: ;Documento: CTPS- 041362-AL;Área em hectares: 1,4797 ha
028761.pdf;Nome: Maria José da Conceição;CPF ;RG: ;Documento: CTPS- 069086-AL;Área em hectares: 0,2063 ha
028768.pdf;Nome: Cipriano Torres da Silva;CPF -;RG: 052.799-SSP/SP;Documento: RG;Área em hectares: 0,9136 ha
028789.pdf; -
028821.pdf;Nome: José Luiz Sobrinho;CPF ;RG: ;Documento: T.E- 05789-AL;Área em hectares: 0,3287 ha
028894.pdf;Nome: Corina Eduardo da Silva;CPF ;RG: ;Documento: CTPS Nº 027433/AL;Área em hectares: 2,6608 ha
029158.pdf;Nome: Antonio José de Barros;CPF ;RG: ;Documento: T.E-12769-AL;Área em hectares: 1,7166 ha
029227.pdf;Nome: Milton Queiroz;CPF 035.864.054-72;RG: ;Documento: CPF;Área em hectares: 11,5623 ha
029229.pdf;Nome: Pedro Florencio dos Santos;CPF ;RG: ;Documento: TE. 10138-AL;Área em hectares: 2,1559 ha
030099.pdf;Nome: Agenor Mancio;CPF -;RG: 523.898-SS/AL;Documento: RG;Área em hectares: 1,6361 ha
030101.pdf;Nome: Alexandre Cypriano dos Santos;CPF ;RG: ;Documento: C.NASC-1.116-AL;Área em hectares: 1,0349 ha
030102.pdf;Nome: Alexandre Cypriano dos Santos;CPF ;RG: ;Documento: C.NASC.1.116-AL;Área em hectares: 1,3619 ha
030108.pdf;Nome: Ana Maria Lima;CPF ;RG: ;Documento: CTP.S 019746/AL;Área em hectares: 0,7474 ha
030119.pdf;Nome: Antonia Maria de Jesus;CPF ;RG: ;Documento: CTPS-005.860-AL;Área em hectares: 1,6622 ha
030121.pdf;Nome: Antonia Quixabeira Soares;CPF ;RG: ;Documento: CTPS-022.544/AL;Área em hectares: 3,5834 ha
030125.pdf;Nome: Antonio Barros dos Santos;CPF ;RG: ;Documento: CTPS-043712-AL;Área em hectares: 0,1695 ha
030126.pdf;Nome: Antonio Barros dos Santos;CPF ;RG: ;Documento: CTPS-043712-AL;Área em hectares: 0,4335 ha
030128.pdf;Nome: Antonio Claro de Souza;CPF ;RG: ;Documento: C.C-234 ÁGUA BRANCA-AL;Área em hectares: 2,3232 ha
030131.pdf;Nome: Antonio Fidelis da Silva;CPF 022.082.418-51;RG: ;Documento: CPF;Área em hectares: 0,2294 ha
030135.pdf;Nome: Antonio Gomes do Nascimento;CPF ;RG: ;Documento: CTPS-010971-AL;Área em hectares: 1,0142 ha
030158.pdf;Nome: Antônio Vieira de Souza;CPF ;RG: ;Documento: C.T. 41.550-AL;Área em hectares: 0,4714 ha
030172.pdf;Nome: Cândido Alves Quixabeira;CPF 440.312.704-53;RG: ;Documento: CPF;Área em hectares: 0,8654 ha
030182.pdf;Nome: Cornélio Jacinto Gomes;CPF ;RG: ;Documento: CTPS-3121-AL;Área em hectares: 1,5811 ha
030183.pdf;Nome: Cornélio Jacinto Gomes;CPF ;RG: ;Documento: CTPS 3121-AL;Área em hectares: 0,6182 ha
030184.pdf;Nome: Cornélio Jacinto Gomes;CPF ;RG: ;Documento: CTPS-03121-AL;Área em hectares: 1,1021 ha
030219.pdf;Nome: Genesio Batista de Souza;CPF 35370/MG/V.18/84-AL;RG: N° 030219AL;Documento: , Área em hectares: -
030219_001.pdf;Nome: Genésio Batista de Souza;CPF ;RG: ;Documento: CTPS Nº. 55.516-SP;Área em hectares: 2,6846 ha
030224.pdf;Nome: Helena Maria Conceição;CPF ;RG: ;Documento: CTPS. 001.907 -AL;Área em hectares: 0,1534 ha
030232.pdf;Nome: Joabes Alves dos Santos;CPF ;RG: ;Documento: CTPS- 214.416-SP;Área em hectares: 1,3196 ha
030238.pdf;Nome: João Evangelista Gonçalves;CPF ;RG: 209.059-SSP/AL;Documento: RG-209.059-SSP/AL;Área em hectares: 1,2057 ha
030251.pdf;Nome: João Vieira do Nascimento;CPF ;RG: ;Documento: C.C-392.-DEOMIRO GOVEIA;Área em hectares: 0,3615 ha
030262.pdf; Nome: José Alves Agustinho da Silva;CPF 060.302.144-04;RG: ;Documento: , Área em hectares: -
030263.pdf;Nome: José Alves Agustinho da Silva;CPF 060.302.114-04;RG: ;Documento: CPF;Área em hectares: 1,0613 ha
030264.pdf;Nome: José Alves Quixabeira;CPF 088.242.904-34;RG: ;Documento: CPF- 088.242.904-34,Área em hectares
030266.pdf; Nome: José Antonio Francisco;CPF 073.231.664-20;RG: ;Documento: CPF;Área em hectares: 1,3735 ha
030275.pdf;Nome: José Correia dos Santos;CPF 387.201.084-00;RG: ;Documento: CPF-387.201.084-00;Área em hectares: 4,8356 ha
030276.pdf;Nome: José Correia dos Santos;CPF 387.201.084-00;RG: ;Documento: CPF-387.201.084-00;Área em hectares: 1,7028 ha
030279.pdf;Nome: José Emídio dos Santos;CPF ;RG: ;Documento: C.C-37-AL;Área em hectares: 1,3001 ha
030281.pdf;Nome: José Francisco Pereira;CPF ;RG: ;Documento: CTPS-4935-AL;Área em hectares: 1,1362 ha
030291.pdf;Nome: José Matias Clementi;CPF ;RG: ;Documento: CTPS. 53566-AL;Área em hectares: 0,1785 ha
030292.pdf;Nome: José Martins Filho;CPF 330.405.834-68;RG: ;Documento: CPF;Área em hectares: 2,7571 ha
030314.pdf;Nome: Manoel Benedito dos Santos;CPF ;RG: ;Documento: C.C- 582-AL;Área em hectares: 0,5930 ha
030326.pdf; -
030334.pdf;Nome: Maria José da Conceição;CPF ;RG: ;Documento: CTPS- 779-AL;Área em hectares: 0,3366 ha
030341.pdf;Nome: Maria Rosada Conceição;CPF ;RG: ;Documento: CTPS 012.622-AL;Área em hectares: 3,8677 ha
030342.pdf;Nome: Maria Rosa de Lima;CPF ;RG: ;Documento: CTPS- 96503-AL;Área em hectares: 0,6502 ha
030343.pdf;Nome: Maria Rosa Delira;CPF ;RG: ;Documento: CTPS- 96503-AL;Área em hectares: 0,7977 ha
030346.pdf;Nome: Miguel Soares do Nascimento;CPF 332.148.834-53;RG: -;Documento: CPF- 332.148.834-53;Área em hectares: 5,6102 ha
030353.pdf;Nome: Oseas Correia dos Santos;CPF ;RG: ;Documento: CTPS.010847 AL;Área em hectares: 0,6134 ha
030355.pdf;Nome: Ozeas Rodrigues Lima;CPF ;RG: ;Documento: C.R- 374109-SP;Área em hectares: 2,7104 ha
030359.pdf; Nome: Pedro Gomes de Sá;CPF ;RG: ;Documento: CTPS-28666-SP;Área em hectares: 0,5528 ha
030360_001.pdf;Nome: Pedro Gomes da Silva;CPF ;RG: ;Documento: CT 28666-SP;Área em hectares: 0,5735 ha
030364_001.pdf;Nome: Pedro Pereira da Silva;CPF ;RG: ;Documento: CTPS Nº. 070.362-AL;Área em hectares: 0,4714 ha
030366.pdf;Nome: Pedro Pereira da Silva;CPF ;RG: ;Documento: CTPS- 022588-AL;Área em hectares: 0,4650 ha
030367.pdf;Nome: Pedro Pereira da Silva;CPF ;RG: ;Documento: CTPS- 022588-AL;Área em hectares: 0,3493 ha
030368.pdf;Nome: Pedro Pereira da Silva;CPF ;RG: ;Documento: CTPS. 022.588 AL;Área em hectares: 0,8760 ha
030372.pdf;Nome: Plácido Pedro Celestino;CPF 346.442.454-53;RG: ;Documento: CPF-346.442.454-53;Área em hectares: 0,9896 ha
030373.pdf;Nome: Plácido Pedro Celestino;CPF 346.442.454-53;RG: ;Documento: CPF-346.442.454-53;Área em hectares: 1,1383 ha
030398.pdf;Nome: Adão Luiz da Silva;CPF ;RG: ;Documento: CTPS 041471 AL;Área em hectares: 8,7972 ha
030399.pdf;Nome: Adão Luiz da Silva;CPF ;RG: ;Documento: CTPS N° 041471 AL;Área em hectares: -
030406.pdf; -
030407.pdf;Nome: Daniel Francisco de Souza;CPF 455.804.054-72;RG: ;Documento: CPF;Área em hectares: 1,2523 ha
030408.pdf;Nome: Daniel Francisco de Souza;CPF 455.804.054-72;RG: ;Documento: CPF;Área em hectares: 0,3995 ha
030411.pdf;Nome: José Matias de Souza;CPF ;RG: ;Documento: CC N° 122 FLS 7 LIV 17;Área em hectares: 1,1667 ha
030412.pdf;Nome: José Misseno de Oliveira Sobrinho;CPF ;RG: ;Documento: CTPS. N° 043862 AL;Área em hectares: 0,4396 ha
030413.pdf;Nome: José Misseno de Oliveira Sobrinho;CPF ;RG: ;Documento: CTPS N° 043862/AL;Área em hectares: 1,4929 ha
030414.pdf;Nome: José Misseno de Oliveira Sobrinho;CPF ;RG: ;Documento: CTPS N° 043862/AL;Área em hectares: 0,1788 ha
030416.pdf;Nome: Manoel dos Santos Menezes;CPF 347.950.494-91;RG: ;Documento: CPF;Área em hectares: 0,4167 ha
030417.pdf; -
030419_001.pdf; - 
030420.pdf;Nome: Maria do Carmo da Silva;CPF ;RG: 433.982-SSP/AL;Documento: RG;Área em hectares: 0,3428 ha
030421.pdf;Nome: Maria do Carmo da Silva Teles;CPF ;RG: ;Documento: C.T.P.S. N° 26.039-AL;Área em hectares: 0,4521 ha
030421_001.pdf;Nome: Maria do Carmo da Silva Teles;CPF ;RG: ;Documento: CTPS Nº 26.039 AL;Área em hectares: 0,4521 ha
030421_P.pdf;Nome: Maria do Carmo da Silva Teles;CPF ;RG: ;Documento: CTPS Nº 26.039 AL;Área em hectares: 0,4521 ha
030422.pdf;Nome: Maria do Carmo da Silva Teles;CPF 241016028215;RG: CT. 26039-AL;Documento: ;Área em hectares: 0,6239"
030422_001.pdf;Nome: Maria do Carmo da Silva Teles;CPF ;RG: ;Documento: C.;Área em hectares: -
030422_P.pdf;Nome: Maria do Carmo da Silva Teles;CPF ;RG: ;Documento: C. ;Área em hectares: -
030423.pdf;Nome: Maria do Carmo da Silva Teles;CPF ;RG: ;Documento: CT. 26039-AL;Área em hectares: 0.3644
030423_001.pdf;Nome: Maria do Carmo da Silva Teles;CPF ;RG: ;Documento: C.T 26039-AL;Área em hectares: 0,3644 ha
030427_001.pdf;Nome: Maria Rita da Conceição;CPF ;RG: ;Documento: C.T 067385;Área em hectares: 0,7959 ha
030428.pdf;Nome: Maria Teresa da Conceição;CPF ;RG: ;Documento: CTPS 092618-AL;Área em hectares: 0,6216 ha
030430_001.pdf;Nome: Maria Zélia da Silva;CPF 228.910.564-34;RG: ;Documento: CPF. 228.910.564-34;Área em hectares: 0,70"
030431_001.pdf;Nome: Martin Pedro dos Santos;CPF -;RG: 437036-SSP/AL;Documento: RG;Área em hectares: 1,3918 ha
030432.pdf;Nome: Mauro Bezerra do Nascimento;CPF 431775734-68;RG: ;Documento: CPF;Área em hectares: 0.6233ha
030433_001.pdf;Nome: Mauro Bezerra do Nascimento;CPF 431.775.734-68;RG: ;Documento: CPF;Área em hectares: 2,7131 ha
030436.pdf;Nome: Odilon Nunes da Silva;CPF ;RG: ;Documento: CTPS. 55161;Área em hectares: 1,6091 ha
030437.pdf;Nome: Odilon Nunes da Silva;CPF ;RG: ;Documento: CTPS. 055161 AL;Área em hectares: 2,9084 ha
030438.pdf;Nome: Raimundo dos Santos Souza;CPF 349.149.004-91;RG: ;Documento: CPF;Área em hectares: 1,4348 ha
030446.pdf;Nome: Manoel da Penha Neto;CPF ;RG: 751.164 SSP/AL;Documento: RG.751.164 SSP/AL;Área em hectares: 32,3047 ha
030576.pdf;Nome: Adão Luiz da Silva;CPF ;RG: ;Documento: CT.041471/AL;Área em hectares: 1,6254 ha
030580.pdf;Nome: Antonio Francisco da Silva;CPF ;RG: ;Documento: CT. 061150-AL;Área em hectares: 6,0470 ha
030582.pdf;Nome: Belmiro Teixeira Lima;CPF ;RG: ;Documento: C.T. 96946-AL;Área em hectares: 2,4915 ha
030595.pdf;Nome: Hortencio Teixeira Lima;CPF 384678-SSP-AL;RG: ;Documento: CI. 384678-SSP-AL;Área em hectares: 5 ha
030595_001.pdf; - 
030596.pdf;Nome: Ivo de Mello de Souza;CPF 073005 AL;RG: 35370/MG/V.18/84 AL;Documento: CT;Área em hectares: 0,8524"
030596_001.pdf;Nome: Ivo de Mello de Souza;CPF ;RG: ;Documento: C.T 073005-AL;Área em hectares: 0,8524 ha
030598.pdf; - 
030598_001.pdf;Nome: Izabel Olinda de Melo;CPF ;RG: ;Documento: CT 041433-AL;Área em hectares: 0,9286 ha
030602.pdf; Nome: João Manoel dos Santos;CPF ;RG: 519.477 SSP/AL;Documento: RG;Área em hectares: 0,5333 ha
030603.pdf;Nome: João Manoel dos Santos;CPF ;RG: 519.477 SSP/AL;Documento: RG;Área em hectares: 3,7459 ha
030605_001.pdf;Nome: Joanas Alves dos Santos;CPF ;RG: 314141-SSP-AL;Documento: RG;Área em hectares: 1,8979 ha
030609.pdf;Nome: José Alves de Araújo;CPF -;RG: 515.594 SSP/AL;Documento: RG;Área em hectares: 2,9058 ha
030611.pdf;Nome: José Alves dos Santos;CPF ;RG: 576.530 SSP/AL;Documento: RG.576.530 SSP/AL;Área em hectares: 12,2700 ha
030612.pdf;Nome: José Alves dos Santos;CPF ;RG: 576.530 SSP/AL;Documento: RG;Área em hectares: 2,7045 ha
030616.pdf; -
030617.pdf; -
030622.pdf; Nome: José Moreno da Silva;CPF ;RG: ;Documento: CTPS. 96821 -AL;Área em hectares: 2,1861 ha
030626.pdf; -
030627.pdf; Nome: José Pereira Leite;CPF ;RG: ;Documento: CTPS N° 054666/AL;Área em hectares: 1,9143 ha
030629.pdf; -
030630.pdf;Nome: Josino Alves Santos;CPF ;RG: ;Documento: CTPS. 42559-AL;Área em hectares: 11,4874 ha
030631.pdf;Nome: Josino Alves Santos;CPF ;RG: ;Documento: CTPS. 42559 -AL;Área em hectares: 4,8689 ha
030652_001.pdf;Nome: Maria Alves de Oliveira;CPF ;RG: ;Documento: T.E 9404-AL;Área em hectares: 1,3787 ha
030653_001.pdf;Nome: Maria Alves de Oliveira;CPF ;RG: ;Documento: C.T 095459-AL;Área em hectares: 1,3458 ha
030658.pdf;Nome: Maria Helena dos Santos;CPF 043180-AL;RG: ;Documento: CT. 043180-AL;Área em hectares: ha
030658_001.pdf;Nome: Maria Helena dos Santos;CPF ;RG: ;Documento: C.T 043180-AL;Área em hectares: 0,5139 ha
030660.pdf;Nome: Maria José de Souza;CPF 35370/MG/V-18/84-AL;RG: -;Documento: CT. 092850;Área em hectares: 3.3062ha
030660_001.pdf; -
030661.pdf;Nome: Manoel Marques Cavalcante;CPF ;RG: ;Documento: ;Área em hectares: 15,9255 ha
030663.pdf;Nome: Manoel de Souza Filho;CPF -;RG: 13.374.705 - SSP/SP;Documento: RG. 13.374.705 - SSP/SP,Área
030665_001.pdf;Nome: Mauro Bezerra do Nascimento;CPF ;RG: ;Documento: T.E 12167/AL;Área em hectares: 1,1812 ha
030666.pdf;Nome: Mauro Bezerra do Nascimento;CPF ;RG: ;Documento: TE. 12167 -AL;Área em hectares: 0.4269
030666_001.pdf;Nome: Mauro Bezerra do Nascimento;CPF ;RG: ;Documento: T. E 12167-AL;Área em hectares: 0,4269 ha
030667_001.pdf;Nome: Mauro Bezerra do Nascimento;CPF ;RG: ;Documento: T.E 12167-AL;Área em hectares: 1,5034 ha
030674_001.pdf;Nome: Miguel Arcanjo Lima;CPF ;RG: ;Documento: C.T 043304-AL;Área em hectares: 7.9954 ha
030675_001.pdf;Nome: Miguel Arcanjo dos Santos;CPF ;RG: ;Documento: C.T 079523-AL;Área em hectares: 0.7473 ha
030679.pdf;Nome: Tercia Teixeira Lima;CPF ;RG: ;Documento: CT. 092813 AL;Área em hectares: 0.5007 ha
030679_001.pdf; - 
030684.pdf; -
030687.pdf;Nome: Plácido Teixeira do Nascimento, CPF: -, RG: -, Documento:CTPS. 71553 AL, Área em hectares: -
030698.pdf;Nome: Adilha Ritada Conceição;CPF -;RG: -, Área em hectares: -
030701.pdf;Nome: Alexandre Cypriano dos Santos;CPF ;RG: ;Documento: C.NASC-1116-AL;Área em hectares: 1,8628 ha
030707.pdf;Nome: Ana Maria de Jesus;CPF ;RG: ;Documento: CTPS 96634 AL;Área em hectares: 2,2659 ha
030708.pdf; -
030711.pdf;Nome: Antonio Jacinto Lima;CPF ;RG: 251016-AL;Documento: C.R;Área em hectares: 0,9929 ha
030713.pdf;Nome: Antonia Maria de Jesus;CPF ;RG: ;Documento: CTPS- 005.860-AL;Área em hectares: 0,5249 ha
030757.pdf;Nome: Cícero Francisco da Silva;CPF 337.465.834-20;RG: ;Documento: CPF;Área em hectares: 23,7801 ha
030761.pdf;Nome: Cícero Gomes dos Reis;CPF ;RG: ;Documento: C.C- 174-ÁGUA BRANCA;Área em hectares: 0,7832 ha
030762.pdf;Nome: Cícero Gomes dos Reis;CPF ;RG: ;Documento: C.C-174-AL;Área em hectares: 0,6060 ha
030763.pdf;Nome: Cícero Gomes dos Reis;CPF ;RG: ;Documento: C.C-174;Área em hectares: 1,0064 ha
030764.pdf;Nome: Cícero Gomes dos Reis;CPF ;RG: ;Documento: C.C- 174-ÁGUA BRANCA-AL;Área em hectares: 0,3771 ha
030783.pdf;Nome: Felina Maria da Conceição;CPF ;RG: ;Documento: CTPS-023494-AL;Área em hectares: 9,1083 ha
030788.pdf;Nome: Francisco Vieira dos Santos;CPF ;RG: 7.485.075-SSP/SP;Documento: RG-7.485.075-SSP/SP;Área em hectares: 2,8287 ha
030791.pdf;Nome: Francisco Vieira dos Santos;CPF ;RG: 7.485.075-SSP/SP;Documento: RG;Área em hectares: 1,0654 ha
030797.pdf;Nome: Irineu Tiburcio de Sá;CPF -;RG: 697544-SSP/AL;Documento: RG-697544-SSP/AL.;Área em hectares: 1,8240 ha
030798.pdf;Nome: Irineu Tiburcio de Sá;CPF -;RG: 697544-SSP/AL;Documento: RG-697544-SSP/AL;Área em hectares: 0,6639 ha
030799.pdf;Nome: Irineu Tiburcio de Sá;CPF -;RG: 697544-SSP/AL;Documento: RG;Área em hectares: 0,5502 ha
030800.pdf;Nome: Irineu Tiburcio de Sá;CPF -;RG: 697544-SSP/AL;Documento: RG-697544-SSP/AL;Área em hectares: 1,1425 ha
030801.pdf;Nome: Irna Lino da Silva;CPF ;RG: ;Documento: CTPS-076.686-AL;Área em hectares: 6,6398 ha
030807.pdf;Nome: João Alexandre dos Santos;CPF 259.262.924-68;RG: ;Documento: CPF-259.262.924-68;Área em hectares: 1,8280 ha
030835.pdf;Nome: José Antonio dos Santos;CPF 583.054.324-91;RG: ;Documento: CPF- 583.054.324-91;Área em hectares: 0,9504 ha
030838.pdf;Nome: José Cardeal;CPF ;RG: ;Documento: CTPS-54.529-AL;Área em hectares: 0,0750 ha
030840.pdf;Nome: José Claudino Filho;CPF ;RG: ;Documento: C.C-178-AL;Área em hectares: 0,4952 ha
030843.pdf;Nome: José Correia dos Santos;CPF 387.201.084-00;RG: ;Documento: CPF-387.201.084-00;Área em hectares: 4,2894 ha
030853.pdf;Nome: José Gomes do Nascimento;CPF 388.218.934-72;RG: ;Documento: CPF;Área em hectares: 2,1670 ha
030854.pdf;Nome: José Jacinto Gomes;CPF 313.929.114-00;RG: -;Documento: CPF-313.929.114-00;Área em hectares: 1,0981 ha
030855.pdf;Nome: José Jacinto Gomes;CPF 313.929.114-00;RG: ;Documento: CPF-313.929.114-00;Área em hectares: 2,0853 ha
030856.pdf;Nome: José Jacinto Gomes;CPF 313.929.114-00;RG: ;Documento: CPF-313.929.114-00;Área em hectares: 4,9713 ha
030857.pdf; -
030864.pdf;Nome: José Martins Filho;CPF 330.405.834-68;RG: ;Documento: CPF-330.405.834-68;Área em hectares: 6,7445 ha
030865.pdf;Nome: José Martins Filho;CPF 330.405.834-68;RG: ;Documento: - ;Área em hectares: 1,5081 ha
030867.pdf; -
030869.pdf;Nome: José Soares Lima;CPF ;RG: ;Documento: T.E-2559-AL;Área em hectares: 21,7241 ha
030877.pdf; -
030879.pdf;Nome: Luiz Antonio de Brito;CPF 049.165.494-49;RG: ;Documento: CPF-049.165.494-49;Área em hectares: 1,4519 ha
030888.pdf;Nome: Manoel Benedito dos Santos;CPF ;RG: ;Documento: C.C.-582-AL;Área em hectares: 0,6435 ha
030889.pdf;Nome: Manoel Benedito dos Santos;CPF ;RG: ;Documento: C.C-582-AL;Área em hectares: 0,4880 ha
030900.pdf;Nome: Manoel Severo Alves;CPF ;RG: ;Documento: C.Nasc- 672-AL;Área em hectares: 0,8067 ha
030920.pdf;Nome: Maria Reginalda de Souza;CPF ;RG: ;Documento: CTPS. 69104-BA;Área em hectares: 1,3467 ha
030926.pdf;Nome: Maria São Pedro Pereira;CPF ;RG: ;Documento: CTPS- 012668/AL;Área em hectares: 1,1396 ha
030932.pdf;Nome: Minerva Pereira de Souza;CPF ;RG: ;Documento: CTPS- 96.960-AL;Área em hectares: 0,0799 ha
030941_001.pdf;Nome: Pedro Alves dos Santos;CPF ;RG: ;Documento: CT 070.127/AL;Área em hectares: 0,4363 ha
030946.pdf;Nome: Pedro Pereira de Sá;CPF 071.549.334-53;RG: ;Documento: CPF. 071.549.334-53;Área em hectares: 0,7928 ha
030947.pdf;Nome: Pedro Pereira de Sa;CPF 071.549.334-53;RG: ;Documento: CPF;Área em hectares: 5,3110 ha
030950_001.pdf;Nome: Rachel Joana Barros Santos;CPF ;RG: ;Documento: C.C LIV.16, Área em hectares: -
030957.pdf;Nome: Rosalvo Soares Neto;CPF ;RG: ;Documento: CTPS-97.811-AL;Área em hectares: 1,3447 ha
031359.pdf;Nome: João Bezerra da Silva;CPF 088.243.044-00;RG: ;Documento: CPF: 088.243.044-00;Área em hectares: 14,1474 ha
031366.pdf;Nome: José Gomes de Sá;CPF 045.211.534-53;RG: -;Documento: CPF-045.211.534-53;Área em hectares: 3,3753 ha
031373.pdf; -
031384.pdf;Nome: Benjamin José da Silva;CPF 162.828.764-00;RG: -;Documento: CPF;Área em hectares: 1,7961 ha
031571.pdf;Nome: Adelia Joaquina do Nascimento;CPF 431.840.734-91;RG: ;Documento: CPF;Área em hectares: 0,9337 ha
031584.pdf; -
031585.pdf;Nome: Ananias Correia dos Santos;CPF ;RG: ;Documento: CTPS Nº. 023.337-AL;Área em hectares: 0,6551 ha
031586.pdf;Nome: Anânias Correia dos Santos;CPF CSM-208960-AL;RG: -;Documento: CSM-208960-AL;Área em hectares:
031592.pdf;Nome: Antonia Rosa de Barros;CPF ;RG: ;Documento: C.C- 4-Água Branca;Área em hectares: 0,3622 ha
031597.pdf;Nome: Antonio Barros dos Santos;CPF ;RG: ;Documento: CT. 043712-AL;Área em hectares: 2,6719 ha
031598.pdf;Nome: Antonio Barros dos Santos;CPF ;RG: ;Documento: CT. 043712-AL;Área em hectares: 1,5594 ha
031698.pdf;Nome: José Alves dos Santos;CPF ;RG: 046.669 SSP/BA;Documento: RG;Área em hectares: 3,9744 ha
072432.pdf;Nome: Luiz José da Cruz;CPF ;RG: 13.729.129-SP;Documento: RG;Área em hectares: 2,0230 ha
073065.pdf;Nome: Paulo Alves de Araújo;CPF ;RG: 7.968.971 SSP/SP;Documento: RG;Área em hectares: 10
