Nº TÍTULO;NOME;CPF;RG;DOCUMENTO;ÁREA (ha)
000004.pdf;Nome: Antônio Porangaba do Nascimento;CPF: 92520545453;RG: 1.177.636-SSP/AL;Documento: ;Área em hectares: 9.8206 ha
000005.pdf;Nome: Antônio Porangaba do Nascimento;CPF: 92520545453;RG: 1.177.636-SSP/AL;Documento: ;Área em hectares: 10.0898 ha
000007.pdf;Nome: Anna Karlla Donascimento Silva;CPF: 1.538.794-SSP/AL;RG: 02880916470;Documento: 1.538.794-SSP/AL 02880916470;Área em hectares: 11.9338 ha
000009.pdf;Nome: Antonio Luiz Barbosa;CPF: 95798021491;RG: 1.771.919-SSP/AL;Documento: N.° 1529/2013;Área em hectares: 7,5905 ha
000010.pdf;Nome: Antonio Paes de Oliveira;CPF: 4.142.567-SSP/SP;RG: 38049880834;Documento: 4.142.567-SSP/SP 38049880834;Área em hectares: 6,5698 ha
000015.pdf;Nome: Analia Josefa de Araújo Mata;CPF: 848.174-SSP/AL;RG: 63030446468;Documento: 848.174-SSP/AL;Área em hectares: 4,9482 ha
000016.pdf;Nome: Antonio Pereira de Lima;CPF: 1.358.413-SSP/AL;RG: 02249373400;Documento: 1.358.413-SSP/AL 02249373400;Área em hectares: 3.8574 ha
000017.pdf;Nome: Antonio Pereira de Lima;CPF: 1.358.413-SSP/AL;RG: 02249373400;Documento: 1.358.413-SSP/AL 02249373400;Área em hectares: 3.5919 ha
000019.pdf;Nome: Antonio Joaquim Pereira;CPF: 585.304-SSP/AL;RG: 00731455487;Documento: ;Área em hectares: 4,4302 ha
000022.pdf;Nome: Cristália Barbosa de Oliveira;CPF: 95445080404;RG: 1.358.555-SSP/AL;Documento: ;Área em hectares: 0,3621 ha
000025.pdf;Nome: Carlos Roberto Santos do Nascimento;CPF: 52937399487;RG: 683.463-SSP/AL;Documento: ;Área em hectares: 17,7063 ha
000026.pdf;Nome: Carlos Roberto Santos do Nascimento;CPF: 52937399487;RG: 683.463-SSP/AL;Documento: ;Área em hectares: 5,0825 ha
000039.pdf;Nome: Gilvanete Barbosa da Silva;CPF: 1.054.536-SSP/AL;RG: 75812550425;Documento: 1.054.536-SSP/AL;Área em hectares: 2,3454 ha
000048.pdf;Nome: José Barbosa de Oliveira;CPF: 1.358.390-SSP/AL;RG: 20798490420;Documento: 1.358.390-SSP/AL 20798490420;Área em hectares: 1,0512 ha
000049.pdf;Nome: José Murilo de Oliveira Veiga;CPF: 15211380444;RG: 277.174-SSP/AL;Documento: 471;Área em hectares: 43,8966 ha
000050.pdf;Nome: Jaime Aprigio dos Santos;CPF: 27.276.875-3;RG: SSP/SP 55147895434;Documento: 27.276.875-3-SSP/SP 55147895434;Área em hectares: 1,7913 ha
000053.pdf;Nome: José Mizael da Mata;CPF: 449.332-SSP/AL;RG: 06010750482;Documento: 449.332-SSP/AL 06010750482;Área em hectares: 24,1592 ha
000054.pdf;Nome: José Leite de Araújo;CPF: 92521835404;RG: 1.380.383-SSP/AL;Documento: ;Área em hectares: 7,3801 ha
000058.pdf;Nome: José Joaquim Nascimento;CPF: 01940925428;RG: ;Documento: 01940925428;Área em hectares: 0,9405 ha
000059.pdf;Nome: Jorge Felício da Silva;CPF: 1138359-SSP/AL;RG: 21605432415;Documento: 1.138.359-SSP/AL;Área em hectares: 6,7911 ha
000060.pdf;Nome: Jorge Felício da Silva;CPF: 1.138.359-SSP/AL;RG: 21605432415;Documento: 1;Área em hectares: 5,6861 ha
000061.pdf;Nome: Jorge Felício da Silva;CPF: 1.138.359-SSP/AL;RG: 21605432415;Documento: 1;Área em hectares: 3,9666 ha
000063.pdf;Nome: Josefa Barros Ferreira;CPF: 3.619.769-6;RG: 11304489400;Documento: 3.619.769-6-SSP/AL 11304489400;Área em hectares: 1,6920 ha
000065.pdf;Nome: Nilson Vieira de França;CPF: 06109748404;RG: 527.855-SSP/AL;Documento: N.° 527.855-SSP/AL 06109748404;Área em hectares: 6,2145 ha
000072.pdf;Nome: Manoel Antonio de Oliveira;CPF: 14449110404;RG: 632.544-SSP/AL;Documento: N° 632.544-SSP/AL 14449110404;Área em hectares: 0,5916 ha
000082.pdf;Nome: Manoel Barbosa de Oliveira;CPF: 1.283.519-SSP/AL;RG: 86003135468;Documento: 1.283.519-SSP/AL;Área em hectares: 1,2525 ha
000083.pdf;Nome: Marisia Cavalcante de Oliveira;CPF: 1.073.773-SSP/AL;RG: 55105025415;Documento: 1.073.773-SSP/AL;Área em hectares: 1,3548 ha
000086.pdf;Nome: Sara Sibaldo de Assunção;CPF: 26869497400;RG: 794.579-SSP/PE;Documento: N° 794.579-SSP/PE 26869497400;Área em hectares: 5,5648 ha
000092.pdf;Nome: Romildo de Albuquerque da Silva;CPF: 1.967.517-SSP/AL;RG: 04002851427;Documento: , datado de 28/12/2008;Área em hectares: 4,5255 ha
000094.pdf;Nome: Thaisa de Mello Pereira Beltrão;CPF: 2003.001.125.197-SSP/AL;RG: 02211886493;Documento: 2003.001.125.197-SSP/AL 02211886493;Área em hectares: 36,1432 ha
000097.pdf;Nome: Petrucio Honorato da Silva;CPF: 06179045453;RG: 268.329-SSP/AL;Documento: ;Área em hectares: 0,9807 ha
000101.pdf;Nome: Vital Avelino da Silva;CPF: 16290186434;RG: 249.640-SSP/AL;Documento: N° 1643/2013;Área em hectares: 15,0338 ha
000104.pdf;Nome: Vandelson Barbosa Xavier;CPF: 3133102-5;RG: 06669233450;Documento: 3133102-5SSPIAL;Área em hectares: 1,0524 ha
000105.pdf;Nome: Severino Leite de Araújo;CPF: 16395328468;RG: 275.698-SSP/AL;Documento: ;Área em hectares: 2,0070 ha
000106.pdf;Nome: Maria da Penha dos Santos de Assunção;CPF: 29222540468;RG: 232.326-SSP/AL;Documento: N° 232.326-SSP/AL;Área em hectares: 2,4938 ha
000107.pdf;Nome: Rosália Lopes Rodrigues;CPF: 45998280415;RG: 811.099-SSPAL;Documento: 45998280415;Área em hectares: 5,0744 ha
000108.pdf;Nome: Rosália Lopes Rodrigues;CPF: 811.099-SSP/AL;RG: 45998280415;Documento: 811.099-SSP/AL 45998280415;Área em hectares: 3,2282 ha
000109.pdf;Nome: José Sousa Calado;CPF: 02644525420;RG: 156.337-SSP/AL;Documento: N.° 109;Área: 5.000 hectares
000111.pdf;Nome: José Rodrigues da Silva;CPF: 320.165-SSP/AL;RG: 06178235453;Documento: Memorial Descritivo do Lote N.° 243;Área em hectares: 19,1606 ha
000114.pdf;Nome: Rosália Lopes Rodrigues;CPF: 811.099-SSP/AL;RG: 45998280415;Documento: 811.099-SSP/AL 45998280415;Área em hectares: 3,4383 ha
000117.pdf;Nome: José Alexandre Barbosa;CPF: 00787388491;RG: 1.795.892-SSP/AL;Documento: Memorial Descritivo do Lote N.º 446;Área em hectares: 2,0244 ha
000120.pdf;Nome: Lourival Pedro da Silva;CPF: 844.908-SSP/AL;RG: 62992244449;Documento: 844.908-SSP/AL;Área em hectares: 5,3644ha
000121.pdf;Nome: Maria Quitéria Porangaba dos Santos;CPF: 98002047943-SSP/AL;RG: 65303504468;Documento: N.° 1856/2013;Área em hectares: 10,3319 ha
000122.pdf;Nome: Mylene de Mello Costa Pereira Barbosa;CPF: 98.001.138.813-SSP/AL;RG: 03776803460;Documento: N° 98.001.138.813-SSP/AL 03776803460;Área em hectares: 37,4252 ha
000123.pdf;Nome: Zilda Ribeiro Barros;CPF: 04553152487;RG: 144.661-SSP/AL;Documento: N° 144.661-SSP/AL 04553152487;Área em hectares: 12,4493 ha
000124.pdf;Nome: Espólio de Vicente Amâncio Taveira;CPF: 047.577.424-87;RG: 1.073.725-SSP/AL;Documento: 1.073.725-SSP/AL;Área em hectares: 3,4744 ha
000126.pdf;Nome: Vandete de Lima Monteiro;CPF: 1.259.617-SSP/AL;RG: 92561853420;Documento: 1.259.617-SSP/AL;Área em hectares: 2,8720 ha
000131.pdf;Nome: Aparecido Nascimento;CPF: 11148187472;RG: 144.867-SSP/AL;Documento: N° 144.867-SSP/AL;Área em hectares: 13,7784 ha
000132.pdf;Nome: Cleiton Oliveira Miranda;CPF: 89494350472;RG: 1.264.479-SSP/AL;Documento: Título N.o 132;Área em hectares: 15,2788 ha
000133.pdf;Nome: Carlos Antonio Tenório de Lima;CPF: 59372184420;RG: 1.692.380-SSP/AL;Documento: Título de Reconhecimento de Domínio N.° 133;Área em hectares: 31,0074 ha
000136.pdf;Nome: José Igor Mendonça do Nascimento;CPF: 1.592.529-SSP/AL;RG: 02862325457;Documento: 1.592.529-SSP/AL 02862325457;Área em hectares: 2,0660 ha
000137.pdf;Nome: Maria Lucy Porangaba do Nascimento;CPF: 02864288494;RG: 1.538.770-SSP/AL;Documento: ;Área em hectares: 5,2600 ha
000139.pdf;Nome: Natividade Lopes;CPF: 07971649444;RG: ;Documento: 07971649444;Área em hectares: 0,7473 ha
000140.pdf;Nome: Normando Vasconcelos Souza;CPF: 04539648420;RG: 113.802-SSP/AL;Documento: N.º 243.086.01.520-1;Área em hectares: 97,2701 ha
000141.pdf;Nome: Nelson Thomaz da Silva;CPF: 59372931420;RG: 619.956-SSP/AL;Documento: ;Área em hectares: 4,3579 ha
000142.pdf;Nome: Nilson Vieira de França;CPF: 06109748404;RG: 527.855-SSPIAL;Documento: 527.855-SSPIAL 06109748404;Área em hectares: 19,2004 ha
000143.pdf;Nome: Osvaldo Saturnino Carnaúba;CPF: 30453879420;RG: 1.108.008-SSP/AL;Documento: Memorial Descritivo do Lote Correspondente, de N.º 94, datado de 28/12/2008;Área em hectares: 5,1803 ha
000145.pdf;Nome: Pedro Cavalcante Porangaba;CPF: 047.587.064-68;RG: 294.913-SSP/AL;Documento: 04758706468;Área em hectares: 2,8950 ha
000146.pdf;Nome: Petrucio Honorato da Silva;CPF: 06179045453;RG: 268.329-SSP/AL;Documento: ;Área em hectares: 2,0332 ha
000149.pdf;Nome: Florentino Ferreira da Silva;CPF: 03323676491;RG: 293.968-SSP/AL;Documento: N.° 293.968-SSP/AL 03323676491;Área em hectares: 47,5108 ha
000152.pdf;Nome: Francisco Pereira da Silva;CPF: 24090743400;RG: -;Documento: 24090743400;Área em hectares: 4,2066 ha
000155.pdf;Nome: Carlos Roberto Santos do Nascimento;CPF: 52937399487;RG: 683.463-SSP/AL;Documento: ;Área em hectares: 14,3522 ha
000158.pdf;Nome: José Mizael da Mata;CPF: 06010750482;RG: 449.332-SSP/AL;Documento: Memorial Descritivo do Lote N.° 309;Área em hectares: 28,2092 ha
000245.pdf;Nome: Manoel Pedro Martins;CPF: 640.342.674-53;RG: 682.874-SSP/AL;Documento de Área: 10 hectares
000247.pdf;Nome: ANTONIO INUCENCIO DO NASCIMENTO;CPF: 00731145453;RG: 226.637-SSP/AL;Documento: Título de Domínio;Área em hectares: 4,0416
000248.pdf;Nome: Cícero Almeida Silva;CPF: 02089230479;RG: 1.380.180-SSP/AL;Documento: ;Área em hectares: 2,3257 hectares
000249.pdf;Nome: Dionísia de Oliveira Lima;CPF: 04019641404;RG: 3.672.969-8 SSP/AL;Documento: ;Área em hectares: 1,2687 hectares
000250.pdf;Nome: Erenice Gomes da Silva Guarabira;CPF: 07752439495;RG: 1.358.121-SSP/AL;Documento: ;Área em hectares: 2,4886 hectares
000251.pdf;Nome: Francisco Joaquim de Assunção;CPF: 13976699420;RG: 711.203-SSP/AL;Documento: ;Área em hectares: 11,7951
000252.pdf;Nome: Francisca Luiza Monteiro Costa;CPF: 53979818420;RG: 795.198-SSP/AL;Documento: ;Área em hectares: 1,8083
000253.pdf;Nome: João Camilo de Lima Filho;CPF: 39907856487;RG: ;Documento: ;Área em hectares: 3,3659 hectares
000254_P.pdf;Nome: Paulo Jacinto; CPF: 045.876.123-09; RG: 12.345.678-9; Documento: 123.456.789-0; Área: 10 hectares"
000255.pdf;Nome: João de Oliveira Lima;CPF: 10960177418;RG: ;Documento: ;Área em hectares: 2,7295 hectares
000256.pdf;Nome: José Cícero da Silva;CPF: 43124666453;RG: 738.095-SSP/AL;Documento: ;Área em hectares: 2,0378 hectares
000257.pdf;Nome: José Lira de França;CPF: 40939731487;RG: 281.919-SSP/AL;Documento: ;Área em hectares: 5,9027
000258.pdf;Nome: José Pereira Cavalcante;CPF: 00732133491;RG: 597.863-SSP/AL;Documento: ;Área em hectares: 2,4673
000259.pdf;Nome: José Rodrigues dos Santos;CPF: 22901655491;RG: 625.364-SSP/AL;Documento: ;Área em hectares: 7,0154
000260.pdf;Nome: José Vieira da Silva;CPF: 20844603449;RG: 177.790-SSP/AL;Documento: ;Área em hectares: 2,9461
000261.pdf;Nome: Maria Feles Rodrigues;CPF: 02026997497;RG: 1.358.526-SSP/AL;Documento: ;Área em hectares: 7,4777
000262.pdf;Nome: Maria José de Lima Bezerra;CPF: 95637915415;RG: 1.290.941-SSP/AL;Documento: ;Área em hectares: 2,9307
000263.pdf;Nome: Marlene Ananias da Silva;CPF: 86102699491;RG: 1.241.924-SSP/AL;Documento: ;Área em hectares: 2,5637 hectares
000264.pdf;Nome: Vicente Barbosa de Oliveira ;CPF: 06162657434 ;RG: 373.443-SSP/AL ;Documento:  ;Área em hectares: 4,4245
000265.pdf;Nome: Vera Lúcia Vicente dos Santos;CPF: 04754491424;RG: 1.432.288-SSP/AL;Documento: ;Área em hectares: 0,5679 hectares
000268.pdf;Nome: Ernandes Assis de Oliveira;CPF: 498.871-SSP/AL;RG: 42059593468;Documento: 498.871-SSP/AL 42059593468;Área em hectares: 2,7379 ha
000269.pdf;Nome: Marcela de Araújo Barbosa Souza;CPF: 064.189.364-77;RG: 3.092.177-5-SSP/AL;Documento: Documento de Aquisição de Área de Terras;Área em H
000271.pdf;Nome: Alexandre Teixeira Cassiano;CPF: 321.937-SSP/AL;RG: 26740605491;Documento: N° 321.937-SSP/AL;Área em hectares: 5.000
000280.pdf;Nome: Maria do Socorro Ferreira Cândido;CPF: 368.311.154-20; RG: 1.283.508-SSP/AL; Documento: ; Área em hectares: 114.2570 ha
000281.pdf;Nome: Elpidio Estanislau da Silva;CPF: 78030-SSP/AL;RG: 00247847453;Documento: Processo Administrativo N.° 0324/2014;Área em hectares: 26,5553 ha
000282.pdf;Nome: Elpidio Estanislau da Silva;CPF: 78030-SSP/AL;RG: 00247847453;Documento: Processo Administrativo N.° 0323/2014;Área em hectares: 132,3588 ha
000283.pdf;Nome: Florisval Avelino da Silva;CPF: 577338638;RG: 02302911474;Documento: 57.733.863-8SSP/SP;Área em hectares: 5,2928 ha
000284.pdf;Nome: Ivalto Tenório Holanda;CPF: 47250968491;RG: 678.798-SSP/AL;Documento: 0321/2014;Área em hectares: 61,4274 ha
000285.pdf;Nome: Maria Emília Barros;CPF: 1999001034260;RG: SSP/AL 00427640415;Documento: 1999001034260-SSP/AL 00427640415;Área em hectares: 51,5933 ha
000286.pdf;Nome: Maria Emília Barros;CPF: 1999001034260;RG: SSP/AL 00427640415;Documento: 1999001034260-SSP/AL 00427640415;Área em hectares: 46,6545 ha
000287.pdf;Nome: Maria Emília Barros;CPF: 1999001034260;RG: SSP/AL 00427640415;Documento: 1999001034260-SSP/AL 00427640415;Área em hectares: 93,5251 ha
000288.pdf;Nome: Espólio de Manoel Vitório de Aguiar;CPF: -;RG: -;Documento: 00732150400;Área em hectares: 8,9954 ha
000289.pdf;Nome: Espólio de Manoel Vitório de Aguiar;CPF: 00732150400;RG: -;Documento: 00732150400;Área em hectares: 14,0142 ha
000290.pdf;Nome: Espólio de Manoel Vitório de Aguiar;CPF: - ;RG: - ;Documento: 00732150400;Área em hectares: 6,2271 ha
000291.pdf;Nome: Adriana Barros Ferreira;CPF: 05557400486;RG: 2.082.364-SSP/AL;Documento: Título N.o 291;Área em hectares: 2,4239 ha
000293.pdf;Nome: Normando Vasconcelos Souza;CPF: 04539648420;RG: 113.802-SSP/AL;Documento: N.° 243.078.025.712-3;Área em hectares: 249,0259 ha
000298.pdf;Nome: José Francisco de Souza;CPF: Não informado;RG: Não informado;Documento: 626.366-SSP/AL 00732192404;Área em hectares: 5,9429 ha
000300.pdf;Nome: JOSEFA BARROS FERREIRA;CPF: 3.619.769-6;RG: 11304489400;Documento: 3.619.769-6-SSP/AL 11304489400;Área em hectares: 2,3547 ha
000301.pdf;Nome: João José Fernandes de Araújo;CPF: 16361725472;RG: 654.540-SSP/AL;Documento: N° 654.540-SSP/AL 16361725472;Área em hectares: 13,4892 ha
000485.pdf;Nome: Joana de Medeiros Almeida;CPF: 01861059400;RG: 1.358.396-SSP/AL;Documento: ;Área em hectares: 0,2921 hectares
000486.pdf;Nome: Paulo Marques da Silva;CPF: 69952850425;RG: 996.183-SSPAL;Documento: Título de Domínio;Área em hectares: 1,9865
000488.pdf;Nome: Antonio Amâncio Correia;CPF: 14815150478;RG: 692.521-SSP/AL;Documento: ;Área em hectares: 1,7748 ha
000489.pdf;Nome: Manoel José de Aquino;CPF: 228.150-SSP/AL;RG: 07149140459;Documento: 228.150-SSP/AL 07149140459;Área em hectares: 14,4064 ha
000490.pdf;Nome: Aluisio Ricardo Correia;CPF: Não informado;RG: 04514866415;Documento: 1.358.397-SSP/AL;Área em hectares: 5,4420 ha
000491.pdf;Nome: Durval Claudino da Silva;CPF: 1.358.599-SSP/AL;RG: 08752133400;Documento: 1.358.599-SSP/AL 08752133400;Área em hectares: 11,9777 ha
000492.pdf;Nome: José Cícero Barros Ferreira;CPF: 39.261.914-3;RG: SSP/SP 06985390447;Documento: N.° 39.261.914-3-SSP/SP 06985390447;Área em hectares: 5,7520 ha
000493.pdf;Nome: Maria de Lourdes Saturnino Barbosa;CPF: 7.403.890-4;RG: 85717762887;Documento: 7.403.890-4 - SSP/SP 85717762887;Área em hectares: 2,7866 ha
000494.pdf;Nome: José Aparecido Camilo de Lima;CPF: 45.619.760-4;RG: 1.352.914-SSP/AL;Documento: 45619760430;Área em hectares: 2,4500 ha
000495.pdf;Nome: Manoel Gama da Silva;CPF: 00732222400;RG: 345.572-SSP/AL;Documento: ;Área em hectares: 158,7060 ha
000496.pdf;Nome: Hélio do Nascimento Ferreira;CPF: 1.957.110-SSP/AL;RG: 04175525483;Documento: 1.957.110-SSP/AL 04175525483;Área em hectares: 4,8943 ha
000497.pdf;Nome: José Epifanio Ferreira (Espólio);CPF: 08725675400;RG: -;Documento: 08725675400;Área em hectares: 3,1288 ha
000498.pdf;Nome: Moisés Rodrigues dos Santos (Espólio);CPF: 06004784400;RG: -;Documento: 06004784400;Área em hectares: 3,0554 ha
000536.pdf;Nome: Francisco Antonio dos Santos;CPF: 630.100-SSP/AL;RG: 37373030456;Documento: 0467/2015;Área em hectares: 1,0225 ha
000623.pdf;Nome: Ricarte Pereira de Melo;CPF: Não informado;RG: Não informado;Documento: 1.358.534-SSP/AL;Área em hectares: 2,0140 ha
000624.pdf;Nome: Pedro Felino de Oliveira;CPF: 12928330410;RG: 228.159-SSP/AL;Documento: N° 228.159-SSP/AL 12928330410;Área em hectares: 2.6813 ha
000625.pdf;Nome: Pedro Felino de Oliveira;CPF: 12928330410;RG: 228.159-SSP/AL;Documento: ;Área em hectares: 0.7153 hectares
000626.pdf;Nome: Francisco Pereira de Figueirêdo;CPF: 325.485-SSP/AL;RG: 07580320487;Documento: N° 325.485-SSP/AL 07580320487;Área em hectares: 30.8908 ha
000627.pdf;Nome: Francisco Pereira de Figueirêdo;CPF: 325.485-SSP/AL;RG: 07580320487;Documento: Processo administrativo N.º 0586/2015;Área em hectares: 76,2612 ha
000629.pdf;Nome: Francisco Pereira de Figueirêdo;CPF: 325.485-SSP/AL;RG: 07580320487;Documento: 325.485-SSP/AL 07580320487;Área em hectares: 122.0380 ha
000630.pdf;Nome: Francisco Pereira de Figueirêdo;CPF: 325.485-SSP/AL;RG: 07580320487;Documento: 325.485-SSP/AL 07580320487;Área em hectares: 25.9016 ha
000631.pdf;Nome: Francisco Pereira de Figueirêdo;CPF: 325.485-SSP/AL;RG: 07580320487;Documento: 325.485-SSP/AL 07580320487;Área em hectares: 19.9186 ha
000632.pdf;Nome: Audeni Antenor da Silva;CPF: 03433096457;RG: 1.236.996-SSP/AL;Documento: ;Área em hectares: 3.5670 ha
000633.pdf;Nome: Audeni Antenor da Silva;CPF: 1.236.996-SSP/AL;RG: 03433096457;Documento: 1.236.996-SSP/AL 03433096457;Área em hectares: 3.9370 ha
000634.pdf;Nome: Antão Vicente de Oliveira - Espólio;CPF: 04758820406;RG: 426.468-SSP/AL;Documento: N° 426.468-SSP/AL;Área em hectares: 24.3594 ha
000635.pdf;Nome: Antão Vicente de Oliveira Espólio;CPF: 047.588.204-06;RG: 426.468-SSP/AL;Documento: N° 426.468-SSP/AL;Área em hectares: 19.8533 ha
000636.pdf;Nome: Quintino Francisco de Oliveira;CPF: 466.123-SSP/AL;RG: 00728446472;Documento: 466.123-SSP/AL 00728446472;Área em hectares: 4.7280 ha
000637.pdf;Nome: Maria Ribeiro Calado;CPF: 03591913472;RG: 768.840-SSP/AL;Documento: 03591913472;Área em hectares: 27.0156 ha
000638.pdf;Nome: Hercílio Felino de Oliveira Espólio;CPF: 04539222449;RG: 228.059-SSP/AL;Documento: N.° 0314/2015;Área em hectares: 25.5316 ha
000639.pdf;Nome: José Camilo de Lima - Espólio;CPF: 04763491415;RG: 1.592.510-SSP/AL;Documento: N.° 1.592.510-SSP/AL 04763491415;Área em hectares: 4.2944 ha
000640.pdf;Nome: José Nildo Barbosa de Melo;CPF: 1.108.012-SSP/AL;RG: 03002030473;Documento: 1.108.012-SSP/AL 03002030473;Área em hectares: 18.7273 ha
000641.pdf;Nome: Klebson Tenório França;CPF: 1.782.966-SSP/AL;RG: 00893467421;Documento: 1.782.966-SSP/AL00893467421;Área em hectares: 2.8131 ha
000642.pdf;Nome: Aline Alexandrina Pereira;CPF: 04955440436;RG: 1.706.781-SSP/AL;Documento: 0252;Área em hectares: 4.3000
000643.pdf;Nome: Sebastião Vicente Ferreira;CPF: 1.358.592-SSP/AL;RG: 30453933491;Documento: 1.358.592-SSP/AL;Área em hectares: 1.9163 ha
000644.pdf;Nome: Eleusa Poranga Bados Nascimento;CPF: 908.608-SSP/AL;RG: 77753089404;Documento: 908.608-SSP/AL 77753089404;Área em hectares: 5.2247 ha
000645.pdf;Nome: José Cícero Lopes da Mota;CPF: 1.653.944-SSP/AL;RG: 02992226408;Documento: 1.653.944-SSP/AL 02992226408;Área em hectares: 2.4168 ha
000646.pdf;Nome: João José Fernandes de Araújo;CPF: 654.540-SSP/AL;RG: 16361725472;Documento: 654.540-SSP/AL 16361725472;Área em hectares: 4.8336
000647.pdf;Nome: José Tenório Cavalcante;CPF: 179.956-SSP/AL;RG: 00730998487;Documento: 179.956-SSP/AL 00730998487;Área em hectares: 9.0211 ha
000648.pdf;Nome: Francisco Pereira da Silva;CPF: 996.106-SSP/AL;RG: 69953198420;Documento: Memorial Descritivo do Lote N.º 0029;Área em hectares: 4.6046 ha
000649.pdf;Nome: Alexandre Teixeira Cassiano; CPF: 26740605491; RG: 321.937-SSP/AL; Documento: Título N.o 649; Área em hectares: 56.7019 ha."
000650.pdf;Nome: João Neto Viana Teixeira de Mendonça;CPF: 357.071-SSP/AL;RG: 00732206472;Documento: N° 357.071-SSP/AL 00732206472;Área em hectares: 67.4806 ha
000651.pdf;Nome: Antonio Pereira da Silva;CPF: 86102540468;RG: 1.241.908-SSP/AL;Documento: N° 1.241.908-SSP/AL;Área em hectares: 1.4926 ha
000652.pdf;Nome: José Aristides de Oliveira;CPF: 30819229415;RG: 420.421-SSP/AL;Documento: Processo Administrativo N.º 0929/2015;Área em hectares: 19.8491 ha
000653.pdf;Nome: Quiteria de Assunção Santos;CPF: 77658400459;RG: 1.073.766-SSP/AL;Documento: Memorial Descritivo do Lote Correspondente de N.° 0427, datado de 28/12/2008;Área em hectares: 1.1794 ha
000654.pdf;Nome: Sebastião Leonardo Teixeira Cassiano;CPF: 804.619-SSP/AL;RG: 67724710406;Documento: 804.619-SSP/AL 67724710406;Área em hectares: 23.8831 ha
000655.pdf;Nome: Paulo Lopes de Oliveira;CPF: 1398.095-SSP/AL;RG: 95765140459;Documento: 1.398.095-SSP/AL;Área em hectares: 6.8688 ha
000656.pdf;Nome: José Domingos de Oliveira;CPF: 06177921434;RG: 447.510-SSP/AL;Documento: Outros;Área em hectares: 4.5989
000657.pdf;Nome: Ernandes Assis de Oliveira;CPF: 498.871-SSP/AL;RG: 42059593468;Documento: 498.871-SSP/AL 42059593468;Área em hectares: 7.9550 ha
000658.pdf;Nome: Antonio Bezerra de Assunção;CPF: 466.569-SSP/AL;RG: 34236279487;Documento: 466.569-SSP/AL;Área em hectares: 6.0910 ha
000659.pdf;Nome: Antonio Inucêncio do Nascimento;CPF: 00731145453;RG: 226.637-SSP/AL;Documento: N° 226.637-SSP/AL 00731145453;Área em hectares: 64.0223 ha
000661.pdf;Nome: Antonio Barbosa de Oliveira;CPF: 24088749472;RG: 429.823-SSP/AL;Documento: ;Área em hectares: 12.1000
000662.pdf;Nome: José Ivanildo Alves da Silva;CPF: ;RG: ;Documento: AL.;Área: 10 hectares
000663.pdf;Nome: ANTONIO AMÂNCIO CORREIA;CPF: 14815150478;RG: 692.521-SSP/AL;Documento: ;Área em hectares: 1.0292
000664.pdf; -
000665.pdf;Nome: Iraelma Nascimento Vasconcelos;CPF: 77719255453;RG: 1.073.735-SSP/AL;Documento: ;Área em hectares: 0.7044
000666.pdf;Nome: José Antonio de Melo;CPF: 20897880463;RG: 374.250-SSP/AL;Documento: 0934/2015;Área em hectares: 3.0120
000667.pdf;Nome: José Odilon dos Santos Espólio;CPF: 06004768472;RG: ;Documento: 06004768472;Área em hectares: 8.3660 ha
000668.pdf;Nome: Manoel José de Aquino;CPF: 228.150-SSP/AL;RG: 07149140459;Documento: N° 228.150-SSP/AL 07149140459;Área em hectares: 8.4750 ha
000669.pdf;Nome: Josefa de Oliveira Mendonça;CPF: 638.025-SSP/AL;RG: 33132585491;Documento: N° 638.025-SSP/AL 33132585491;Área em hectares: 9.8042 ha
000670.pdf;Nome: Paulo do Nascimento Ferreira;CPF: 024.472.014-72;RG: 1.538.779-SSP/AL;Nome: Marcia do Nascimento Ferreira;CPF: 067.824.674-29;RG: 3.075.900-5-SSP/AL;Documento: N/A;Área em hectares: N/A
000671.pdf;Nome: Elias Lopes da Mota;CPF: 1.429.719-SSP/AL;RG: 04416931484;Documento: 1.429.719-SSP/AL 04416931484;Área em hectares: 1.5268 ha
000672.pdf;Nome: Antonio Manoel de Araújo Espólio;CPF: 06110320404;RG: 013.856-SSP/AL;Documento: N° 013.856-SSP/AL06110320404;Área em hectares: 3.3218 ha
000673.pdf;Nome: José Francisco de Lima;CPF: 1.259.638-SSP/AL;RG: 92524338487;Documento: 1.259.638-SSP/AL;Área em hectares: 0.9200 ha
000674.pdf;Nome: José Manoel de Araújo Espólio;CPF: 03834085472;RG: 654.503-SSP/AL;Documento: N° 654.503-SSP/AL 03834085472;Área em hectares: 6.8322 ha
000675.pdf;Nome: Eunice Camilo de Lima - Espólio;CPF: 04514874434;RG: 236.635-SSP/PE;Documento: N° 236.635-SSP/PE 04514874434;Área em hectares: 3.9078 ha
000676.pdf;Nome: José Barbosa Calado - Espólio;CPF: 04433249483;RG: 1.108.048-SSP/AL;Documento: N° 1.108.048-SSP/AL;Área em hectares: 17.7546 ha
000677.pdf;Nome: Josefa Tereza de Aquino Espólio;CPF: 14494102487;RG: ;Documento: 14494102487;Área em hectares: 2.6008 ha
000773.pdf;Nome: José Teodósio de Amorim;CPF: 3280880-1-SSP/AL;RG: 36830879434;Documento: 3280880-1-SSP/AL;Área em hectares: 8.0596 ha
000774.pdf;Nome: Graciliano Carnauba de Oliveira;CPF: 1280715-SSP/AL;RG: 00763705420;Documento: 1.280.715-SSP/AL;Área em hectares: 62.0990 ha
000826.pdf;Nome: Cícero Jorge Teixeira Cavalcante;CPF: 16387929415;RG: 160.690-SSP/AL;Documento: N° 160.690-SSP/AL;Área em hectares: 114.6631 ha
000826_P.pdf;Nome: Cícero Jorge Teixeira Cavalcante;CPF: 16387929415;RG: 160.690-SSP/AL;Documento: N° 160.690-SSP/AL;Área em hectares: 114.6631 ha
000827.pdf;Nome: Cícero Jorge Teixeira Cavalcante;CPF: 16387929415;RG: 160.690-SSP/AL;Documento: Título N.º 827;Área em hectares: 26.7401 ha
000828.pdf;Nome: Cícero Jorge Teixeira Cavalcante;CPF: 16387929415;RG: 160.690-SSP/AL;Documento: N° 160.690-SSP/AL;Área em hectares: 37.8230 ha
000828_P.pdf;Nome: Cícero Jorge Teixeira Cavalcante;CPF: 160.690-SSP/AL;RG: 16387929415;Documento: 160.690-SSP/AL16387929415;Área em hectares: 37.8230 ha
000829.pdf;Nome: Baltazar Teixeira Cavalcante Filho;CPF: 2000003031300-SSP/AL;RG: 05480387405;Documento: 2000003031300-SSP/AL 05480387405;Área em hectares: 2.6429 ha
000830.pdf;Nome: Baltazar Teixeira Cavalcante Filho;CPF: 2000003031300-SSP/AL;RG: 05480387405;Documento: 2000003031300-SSP/AL 05480387405;Área em hectares: 0.5356 ha
000831.pdf;Nome: Rafael Jatobá Cavalcante;CPF: 3249589-7;RG: 09295859413;Documento: 3249589-7-SSP/AL 09295859413;Área em hectares: 7.1095 ha
000831_P.pdf;Nome: Rafael Jatobá Cavalcante;CPF: 3249589-7;RG: 09295859413;Documento: 3249589-7-SSP/AL 09295859413;Área em hectares: 7.1095 ha
000832.pdf;Nome: Rafael Jatobá Cavalcante;CPF: 3249589-7;RG: 09295859413;Documento: 3249589-7-SSP/AL;Área em hectares: 28.2204 ha
000834.pdf;Nome: José Maria Teixeira Cavalcante;CPF: 16379241434;RG: 139.605-SSP/AL;Documento: ;Área em hectares: 87.6313
000834_001.pdf;Nome: José Maria Teixeira Cavalcante;CPF: 16379241434;RG: 139.605-SSP/AL;Documento: ;Área em hectares: 87.6313
000837.pdf;Nome: Anderson Teixeira Cavalcante;CPF: 02851351478;RG: 1.603.332-SSP/AL;Documento: ;Área em hectares: 12.0922
000839.pdf;Nome: Cícero Jorge Teixeira Cavalcante;CPF: 16387929415;RG: 160.690-SSPIAL;Documento: ;Área em hectares: 67.6448
000840.pdf;Nome: Baltazar Teixeira Cavalcante Filho;CPF: 05480387405;RG: 2000003031300-SSP/AL;Documento: ;Área em hectares: 121.2073
000841.pdf;Nome: TAMYRES TEIXEIRA CAVALCANTE PINHEIRO;CPF: 07700274401;RG: 2002001245800-SSP/AL;Documento: Título de Domínio;Área em hectares: 101.1447
000842.pdf;Nome: Alysson Teixeira Cavalcante;CPF: 03274375454;RG: 98001166078-SSP/AL;Documento: ;Área em hectares: 101.2303
000843.pdf;Nome: Mariano Teixeira Sobrinho;CPF: 16379012400;RG: 193.090-SSP/AL;Documento: ;Área em hectares: 54.0804
000844.pdf;Nome: Rafael Jatobá Cavalcante;CPF: 09295859413;RG: 3249589-7 SSP/AL;Documento: ;Área em hectares: 42.3116
000845.pdf;Nome: Daniela Jatobá Cavalcante;CPF: 06059885446;RG: 2002001169054-SSP/AL;Documento: ;Área em hectares: 47.1202
000846.pdf;Nome: Mariana Sunamita de Souza Teixeira;CPF: 061.996.204-61;RG: 24.170;Documento: FLS. 100, LIV. A-22;Área: -
000849.pdf;Nome: Sebastião Pereira de Figueiredo;CPF: 175.944-SSP/AL;RG: 00811939472;Documento: N° 175.944-SSP/AL00811939472;Área em hectares: 151.7629 ha
