Nº TÍTULO;NOME;CPF;RG;DOCUMENTO;ÁREA (ha)
000160.pdf;Nome: Mário Jorge Bezerra Lopes;CPF: 050.764.684-31;RG: 630.336-SSP/AL;Documento: ;Área em hectares:
000161.pdf;Nome: Maria Ferreira da Silva Neto;CPF: 01918194416;RG: 670.303-SSP/AL;Documento:;Área em hectares: 1.6961
000168.pdf;Nome: José Eugênio de Oliveira;CPF: 38472988449;RG: 451.146-SSP/AL;Documento: ;Área em hectares: 1,6701
000171.pdf;Nome: Francisco Luiz dos Santos;CPF: 87780909891;RG: 8.765.790-SSP/SP;Documento:;Área em hectares: 2,0242
000173.pdf;Nome: Antonio Lopes da Silva;CPF: 14879107468;RG: 360.829-SSP/AL;Documento: N° 360.829-SSP/AL 14879107468;Área em hectares: 11,2450 ha
000177.pdf;Nome: JELSON DOS SANTOS;CPF: 80351530487;RG: 1.169.811-SSP/AL;Documento: ;Área em hectares: 0,3116 hectares
000183.pdf;Nome: Helena Maria da Solidade da Silva;CPF: 08473187881;RG: 16.311.251-SSP/SP;Documento: ;Área em hectares: 0,6100
000188.pdf;Nome: ANTONINO FERREIRA;CPF: 95442910406;RG: 1.013.251-SSP/AL;Documento: ;Área em hectares: 1,2926 hectares
000191.pdf;Nome: Edilson Pinheiro dos Santos;CPF: 31920495886;RG: 42.963.211-3-SSP/SP;Documento: ;Área em hectares: 0,6952 hectares
000193.pdf;Nome: Maria Alves Costa;CPF: 95449353472;RG: 637.399-SSP/AL;Documento: ;Área em hectares: 1,9042
000194.pdf;Nome: JELSON DOS SANTOS;CPF: 80351530487;RG: 1.169.811-SSP/AL;Documento: ;Área em hectares: 2,9214
000196.pdf;Nome: Cícero Severino da Silva;CPF: 08361213414;RG: 630.665-SSP/AL;Documento:;Área em hectares: 2,7422
000197.pdf;Nome: JOSEFA FERREIRA COIMBRA;CPF: 04926552434;RG: 173.969-SSP/AL;Documento:;Área em hectares: 3,0496 hectares
000198.pdf;Nome: Antonio José Freire;CPF: 146.375-SSP/AL;RG: 00785652434;Documento: ;Área em hectares: 9,5309 ha
000199.pdf;Nome: José Izabel da Silva;CPF: 95493719487;RG: 1.040.693-SSP/AL;Documento: ;Área em hectares: 0,8299 hectares
000206.pdf;Nome: José Freire;CPF: 49527401453;RG: 2002.001.145.023-SSP/AL;Documento:;Área em hectares: 4,0467
000207.pdf;Nome: Paulo Roberto Brandão dos Santos;CPF: 02313603474;RG: 1.504.784-SSP/AL;Documento:;Área em hectares: 3,0275
000208.pdf;Nome: Antonio Leonel dos Santos;CPF: 670.398-SSP/AL;RG: 41204271453;Documento: N° 670.398-SSP/AL;Área em hectares: 5,9378 ha
000209.pdf;Nome: Antonio Eugênio da Silva Rêgo;CPF: 03840675499;RG: 1.840.247-SSPAL;Documento: N° 1.840.247-SSPAL 03840675499;Área em hectares: 58,3735 ha
000210.pdf;Nome: Adelaide Leoncio Jacinto;CPF: 087.531.304-30;RG: 1.040.702-SSP/AL;Documento: N° 1.040.702-SSP/AL;Área em hectares: 4,3772 ha
000211.pdf;Nome: Anizia Alves Costa;CPF: 1.456.881-SSP/AL;RG: 02043117483;Documento: 1.456.881-SSP/AL 02043117483;Área em hectares: 0,5663 ha
000212.pdf;Nome: Antonio Pereira da Silva;CPF: 678.707-SSP/AL;RG: 00730777472;Documento: 678.707-SSP/AL 00730777472;Área em hectares: 8,4781 ha
000213.pdf;Nome: Antonio Joaquim dos Santos;CPF: 34838970463;RG: 1.378.626-SSP/AL;Documento: N° 1.378.626-SSP/AL;Área em hectares: 6,8803 ha
000218.pdf;Nome: Enildo Accioly Costa;CPF: 83.643-SSP/AL;RG: 00733997449;Documento: N.° 83.643-SSP/AL 00733997449;Área em hectares: 80,3876 ha
000219.pdf;Nome: João Martins de Santana;CPF: 06146171549;RG: 1.039.920-SSP/AL;Documento: Título N.o 219;Área em hectares: 24,9776 ha
000220.pdf;Nome: José Barbosa da Silva;CPF: 06163599420;RG: 416.880-SSP/AL;Documento: N.° 416.880-SSP/AL 06163599420;Área em hectares: 5,4047 ha
000222.pdf;
000224.pdf;Nome: José de Almeida Irmão;CPF: 30186625472;RG: 310.976-SSP/AL;Documento: N° 310.976-SSP/AL 30186625472;Área em hectares: 18,9118 ha
000227.pdf;Nome: Espólio José Francisco da Silva;CPF: 04553934434;RG: 302.037-SSP/AL;Documento:;Área em hectares: 5,8205 ha
000231.pdf;Nome: Espólio de Manoel Freire de Oliveira;CPF: 16355881468;RG: 250.773-SSP/AL;;Área em hectares: 5,9803 ha
000238.pdf;Nome: Paulo Jorge Freire da Silva;CPF: 11275928404;RG: 158.296-SSP/AL;Documento:;Área em hectares: 39,5712 ha
000239.pdf;Nome: Odilon Rosendo Freire;CPF: 98574485420;RG: 634.908-SSP/AL;Documento: N° 634.908-SSP/AL 98574485420;Área em hectares: 7,3361 ha
000243.pdf;Nome: Tânia dos Santos Pinheiro;CPF: 3.614.377-4;RG: 08110461417;Documento: 3.614.377-4-SSP/AL;Área em hectares: 6,4509 ha
000244.pdf;Nome: Valderly Maciel Santos de Araújo;CPF: 1901881-SSP/AL;RG: 05300722464;Documento: 1.901.881-SSP/AL 05300722464;Área em hectares: 71,0070 ha
000305.pdf;Nome: José Idelfonso da Silva;CPF: 38474832420;RG: 1.114.943-SSP/AL;Documento: N° 1.114.943-SSP/AL;Área em hectares: 2,2939 ha
000306.pdf;Nome: José Idelfonso da Silva;CPF: 38474832420;RG: 1.114.943-SSP/AL;Documento: N° 1.114.943-SSP/AL 38474832420;Área em hectares: 2,3716 ha
000307.pdf;Nome: José Miguel da Silva;CPF: 908.696-SSP/AL;RG: 29261953468;Documento: 908.696-SSP/AL 29261953468;Área em hectares: 15,7320 ha
000308.pdf;Nome: José Miguel da Silva;CPF: 908.696-SSP/AL;RG: 29261953468;Documento: ;Área em hectares: 6,6026ha
000309.pdf;Nome: Francisco de Assis Freire;CPF: 06834469400;RG: 630.767-SSP/AL;Documento: N° 630.767-SSP/AL 06834469400;Área em hectares: 19,7821 ha
000310.pdf;Nome: Leonardo Pereira da Silva;CPF: 06826202468;RG: 070.173-SSP/AL;Documento: ;Área em hectares: 15,0672 ha
000311.pdf;Nome: Josefa Filomena Freire;CPF: 05354952425;RG: 634.961-SSP/AL;Documento: ;Área em hectares: 2,3404 ha
000314.pdf;Nome: Maria Cícera Severino Santos;CPF: 997.212-SSP/AL;RG: 02123426490;Documento: 997.212-SSP/AL 02123426490;Área em hectares: 2,7311 ha
000315.pdf;Nome: Maria Enéas Oliveira;CPF: 38339358472;RG: 596.259-SSP/AL;Documento: ;Área em hectares: 4,5198 ha
000316.pdf;;Nome: Maria José dos Santos Maciel;CPF: 1.378.625-SSP/AL;RG: 04586927437;Documento: ;Área em hectares: 1,3003 ha
000322.pdf;Nome: Aurea Filomena Friere;CPF: 630.654-SSP/AL;RG: 92565956487;Documento: ;Área em hectares: 2,3377 ha
000326.pdf;Nome: Guiomar Freire de Oliveira;CPF: 630.775-SSP/AL;RG: 78728010434;Documento: 630.775-SSP/AL;Área em hectares: 7,8080 ha
000327.pdf;Nome: José Cavalcante dos Santos;CPF: 35034262487;RG: 605.579-SSP/AL;Documento: 35034262487;Área em hectares: 4,5742 ha
000329.pdf;Nome: Antonio José Freire;CPF: 146.375-SSP/AL;RG: 00785652434;Documento: 0329/2014;Área em hectares: 23,4148 ha
000331.pdf;Nome: Benedito Bernardino de Oliveira;CPF: 04552709453;RG: 91.772-SSP/AL;Documento: 0333/2014;Área em hectares: 0,7264
000335.pdf;Nome: Francisco de Assis Freire;CPF: 06834469400;RG: 630.767-SSP/AL;Documento: ;Área em hectares: 2,9216 ha
000338.pdf;Nome: José Francisco Profiro dos Santos;CPF: 997.294-SSP/AL;RG: 02246615402;Documento: ;Área em hectares: 3,6776 ha
000342.pdf;Nome: João Inácio de Albuquerque;CPF: 912750-SSP/AL;RG: 00730831434;Documento: N.° 912.750-SSP/AL00730831434;Área em hectares: 48,6715 ha
000344.pdf;Nome: José Cícero Antão da Silva;CPF: 1007164-SSP/AL;RG: 72558440497;Documento: 1.007.164-SSP/AL;Área em hectares: 2,1263 ha
000346.pdf;Nome: Jonas Alves Costa;CPF: ;RG: ;Documento: 634.947-SSP/AL;Área em hectares: 2,5122 ha
000347.pdf;Nome: José Francisco dos Santos;CPF: 04176695420;RG: 398.994-SSP/AL;Documento: ;Área em hectares: 18,6538 ha
000474.pdf;Nome: Manoel Correia da Silva Espólio;CPF: ;RG: ;Documento: 264.726-SSP/AL 06424724400;Área em hectares: 38,9007 ha
000475.pdf;
000476.pdf;Nome: Maria Nazaré de Albuquerque;CPF: 06829988420;RG: 276.634-SSP/AL;Documento: 0251/2015;Área em hectares: 181,8745 ha
000477.pdf;
000478.pdf;
000479.pdf;Nome: Alvino José da Silva;CPF: 16362233468;RG: 594.105-SSP/AL;Documento: ;Área em hectares: 7,6093 ha
000480.pdf;Nome: Antonio Feliciano da Silva;CPF: 692.534-SSP/AL;RG: 29262240449;Documento: 692.534-SSP/AL 29262240449;Área em hectares: 6,4903 ha
000481.pdf;Nome: Edval Joaquim de Brito - Espólio;CPF: Não informado;RG: Não informado;Documento: 138.567-SSP/AL 00756733472;Área em hectares: 13,2872 ha
000483.pdf;Nome: Alcides João da Silva;CPF: 72558946404;RG: 1.017.307-SSP/AL;Documento:;Área em hectares: 0,9387
000484.pdf;Nome: José Cândido dos Santos;CPF: 47251220415;RG: 1.013.869-SSP/AL;Documento: ;Área em hectares: 3,2503
000487.pdf;Nome: Augusto Dionozio da Silva;CPF: 38338653420;RG: 393.364-SSP/AL;Documento: ;Área em hectares: 4,3610 hectares
000660.pdf;Nome: Francisco Reinaldo Rodas - Espólio;CPF: 39.981-MD-COMANDO AERONÁTICA 00584479468;RG: N/A;Documento: N° 39.981-MD-COMANDO AERONÁTICA 00584479468;Área em hectares: 25.7643 ha
000678.pdf;
000769.pdf;Nome: José Matias de Albuquerque;CPF: 124.786-SSP/AL;RG: 11421150468;Documento: 124.786-SSP/AL 11421150468;Área em hectares: 85.3129 ha
000770.pdf;Nome: José Ernani Accioly Costa Junior;CPF: 479.020-SSP/AL;RG: 30450136434;Documento: 479.020-SSP/AL 30450136434;Área em hectares: 48.3001 ha
000771.pdf;Nome: José Germano dos Santos Espólio;CPF: 453.222-SSP/AL;RG: 04515277472;Documento: 453.222-SSP/AL;Área em hectares: 17.5259 ha
000772.pdf;Nome: Nilson Enéias Cavalcante;CPF: 12927856400;RG: 255.488-SSP/AL;Documento: N° 1144/2015;Área em hectares: 184.1177 ha
000775.pdf;Nome: José Matias de Albuquerque;CPF: 11421150468;RG: 124.786-SSP/AL;Documento: N° 124.786-SSP/AL 11421150468;Área em hectares: 121.8978 ha
000776.pdf;Nome: José Pinheiro Freire;CPF: 00785261400;RG: 52.264-SSP/AL;Documento: 0029;Área em hectares: 13.6059 ha
000777.pdf;Nome: Paulo Bezerra da Silva;CPF: 12739112-SSP/SP;RG: 03985610444;Documento: 12.739.112-SSP/SP 03985610444;Área em hectares: 21.7175 ha
000778.pdf;Nome: João Fidelis da Costa;CPF: 11100389415;RG: 466.588-SSP/AL;Documento: 1175/2015;Área em hectares: 44.1694 ha
000779.pdf;Nome: WENCESLAU FRANCISCO DE ALMEIDA;CPF: 30463823400;RG: 1.378.637-SSP/AL;Documento:;Área em hectares: 2.3990
000780.pdf;Nome: Wenceslau Francisco de Almeida;CPF: 30463823400;RG: 1.378.637-SSP/AL;Documento:;Área em hectares: 4.6246
000781.pdf;Nome: José Leonel dos Santos;CPF: 11266295453;RG: 279.363-SSP/AL;Documento:;Área em hectares: 4.9767
000782.pdf;Nome: José Leonel dos Santos;CPF: 11266295453;RG: 279.363-SSP/AL;Documento:;Área em hectares: 2.0906
000783.pdf;Nome: Josefa Feliciano dos Santos;CPF: 13785360;RG: 47250917404;Documento: 1.378.536-SSP/AL;Área em hectares: 6.4112
000784.pdf;Nome: Gaston Manoel Freire;CPF: 630.779-SSP/AL;RG: 06834442472;Documento: N° 630.779-SSP/AL 06834442472;Área em hectares: 2.1790 ha
000785.pdf;Nome: Natanael Tenório de Oliveira;CPF: 1038420-SSP/AL;RG: 64765725472;Documento: 1.038.420-SSP/AL;Área em hectares: 19.2639 ha
000789.pdf;Nome: José Cícero Soares de Oliveira;CPF: 02650121475;RG: 1.296.501-SSP/AL;Documento:;Área em hectares: 1.9213
000790.pdf;Nome: José Rosivaldo de Almeida;CPF: 997.240-SSP/AL;RG: 74134400406;Documento: 997.240-SSP/AL;Área em hectares: 9.4826 ha
000791.pdf;Nome: Luciano José de Almeida Santos;CPF: 1.054.851-SSP/AL;RG: 75907330406;Documento: 1.054.851-SSP/AL;Área em hectares: 14.9916 ha
000850.pdf;Nome: Josivaldo Belo da Silva;CPF: 381822758;RG: 05774886433;Documento: 381822758-SSP/SP;Área em hectares: 2.4323
000851.pdf;Nome: Maria de Lourdes Loureiro Costa;CPF: 11276533420;RG: 180.404-SSP/AL;Documento: N° 180.404-SSP/AL;Área em hectares: 152.3207 ha
000852.pdf;Nome: José Augusto dos Santos Filho;CPF: 14476134491;RG: 462.140-SSP/AL;Documento: N.° 462.140-SSP/AL;Área em hectares: 1.8358 ha
000853.pdf;Nome: Audálio Avelino Pereira Espólio;CPF: 31244769487;RG: 481.708-SSP/AL;Documento: N.° 0073/2016;Área em hectares: 17.0148 ha
000854.pdf;Nome: Maria de Lourdes Barbosa de Melo Oliveira;CPF: ;RG: 409.858-SSP/AL;Documento:;Área em hectares: 3.8431
000855.pdf;Nome: Maria Quitéria Ventura;CPF: 314.743.905-44;RG: 793.732-SSP/AL;Documento:;Área em hectares: 
000856.pdf;Nome: José Cícero de Holanda Cavalcante;CPF: 03991636468;RG: 119.337-SSP/AL;Documento: ;Área em hectares: 59.8901 ha
000857.pdf;Nome: Maria Júlia da Silva;CPF: 48389382415;RG: 725.244-SSP/AL;Documento:;Área em hectares: 7.8478ha
000858.pdf;Nome: Jacira Freires da Silva;CPF: 1.550.239-SSP/AL;RG: 46890122453;Documento: 1.550.239-SSP/AL;Área em hectares: 10.8420 ha
000876.pdf;Nome: Maria Francisca da Conceição Santos;CPF: 03258451400;RG: 1.402.931-SSP/AL;Documento:;Área em hectares: 0.4022
000878.pdf;Nome: Maria Quitéria da Silva;CPF: 66300533468;RG: 911.420-SSP/AL;Documento: ;Área em hectares: 0.6130
