Nº TÍTULO;NOME;CPF;RG;DOCUMENTO;MUNICÍPIO;ÁREA (ha)
007513.pdf;
007514.pdf;Nome: Enoque Araújo Silva;CPF: -;RG: -;Documento: Certidão de Casamento 51;Município: Pão de Açúcar (AL);Área em hectares: 
007546.pdf;Nome: José Cícero da Silva;CPF: Não informado;RG: 568.457 SSP/AL;Documento: RG.568.457 SSP/AL;Município: Pão de Açúcar - AL;Área em hectares: 2.7371 ha
007587.pdf;Nome: Manoel Saturnino dos Santos;CPF: ;RG: ;Documento: Certidão de Nascimento 5.888;Município: Pão de Açúcar (AL);Área em hectares: 14.7"
007650.pdf;Nome: Maria Hozana Capela David;CPF: 144.449.764-20;RG: Não informado;Documento: CPF 144.449.764-20;Município: Pão de Açúcar - AL;Área em hectares: 32.8834 ha
011873.pdf;Nome: Jaques França de Oliveira,;CPF: ,287.151.790-00,;RG: ,Não informado,;Documento: ,287.151.790-00,;Município: ,Pão de Açúcar - AL;Área em hectares: 12.8480 ha
011895.pdf;Nome: Francisco Lima da Silva;CPF: 359.323.684-20;RG: N/A;Documento: CPF. 359.323.684-20;Município: Pão de Açúcar - AL;Área em hectares: 9.3830 ha
011914.pdf;Nome: José Francisco de Souza;CPF: 222.942.284-72;RG: ;Documento: 222.942.284-72, Município: , Área em hectares: 
011984.pdf;Nome: Maria de Jesus Capela do Nascimento;CPF: 153.906.834-04;RG: Não informado;Documento: CPF. 153.906.834-04;Município: Pão de Açúcar - AL;Área em hectares: 28.8054 ha
011987.pdf;Nome: Maria Gomes Correia;CPF: 403.477.704-44;RG: N/A;Documento: CPF. 403.477.704-44;Município: Pão de Açúcar - AL;Área em hectares: 48.3761 ha
014161.pdf;Nome: Antonio Nogueira Lima;CPF: 177.391.014-00;RG: 200.842SSP/AL;Documento: RG. 200.842SSP/AL;Município: Pão de Açúcar/AL;Área em hectares: 5.9642 ha
014175.pdf;Nome: Não informado;CPF: 060.171.004-50;RG: Não informado;Documento: Não informado;Município: ,Pão de Açúcar - AL;Área em hectares: 57.5954 ha
014223.pdf;Nome: Não informado;CPF: 332.560.984-87;RG: Não informado;Documento: Não informado;Município: ,Pão de Açúcar - AL;Área em hectares: 1.5570 ha
014276.pdf;Nome: Não informado;CPF: 140.499.108-53;RG: Não informado;Documento: Não informado;Município: ,Pão de Açúcar - AL;Área em hectares: 92.2594 ha
014305.pdf;Nome: Wilson de Castro Barbosa;CPF: 027.806.074-91;RG: 324.886 SSP/AL;Documento: RG. 324.886 SSP/AL;Município: Pão de Açúcar - AL;Área em hectares: 33.0556 ha
017150.pdf;Nome: Adelmo Gomes da Silva;CPF: 039.603.074-20;RG: 115.273 SSP/AL;Documento: ;Município: Pão de Açúcar - AL;Área em hectares: 116,1939 ha
017171.pdf;Nome: Benedito Santana;CPF: 153.828.694-83;RG: 451.564 SSP/AL;Documento: ;Município: Pão de Açúcar - AL;Área em hectares: 33,0393 ha
017182.pdf;Nome: Erilda Maria do Santos Torres;CPF: 122.120.674-53;RG: 362.268 SSP/AL;Documento: RG. 362.268 SSP/AL;Município: Pão de Açúcar - AL;Área em hectares: 4,7896 ha
017194.pdf;Nome: Jaques França de Oliveira,;CPF: ,008.017.424-49;RG: Não informado;Documento: ;Município: ,Pão de Açúcar - AL;Área em hectares: 37,3155 ha
017199.pdf;Nome: Jalbas Novais Agra;CPF: 008.034.054-72;RG: 462.380 SSP/AL;Documento: ;Município: Pão de Açúcar;Área em hectares: 116,8649 ha
017219.pdf;Nome: Jaques França de Oliveira,;CPF: ,092.261.334-68;RG: Não informado;Documento: ;Município: ,Pão de Açúcar - AL;Área em hectares: 23,1212 ha
017228.pdf;Nome: José Arlindo da Cruz;CPF: 207.661.904-63;RG: 344.626 SSP/AL;Documento: RG. 344.626 SSP/AL;Município: Pão de Açúcar - AL;Área em hectares: 23,3774 ha
017251.pdf;Nome: Não informado;CPF: 153.894.344-68;RG: Não informadoDocumento: ;Município: Pão de Açúcar - AL;Área em hectares: 56,5133 ha
017253.pdf;Nome: Jaques França de Oliveira,;CPF: 278.726.614-20;RG: Não informado, Documento: ;Município: ,Pão de Açúcar - AL;Área em hectares: 9
017272.pdf;Nome: Pedro Pereira Neto;CPF: 325.682.314-91;RG: N/A;Documento: CPF;Município: Pão de Açúcar - AL;Área em hectares: 22,4973 ha
017277.pdf;Nome: Pedro Bispo Ferreira;CPF: 287.153.734-87;RG: 387.192SSP/AL;Documento: ;Município: Pão de Açúcar - AL;Área em hectares: 39,8278 ha
017278.pdf;Nome: Petronilo Nery da Fonseca;CPF: 008.012.914-53;RG: 302.372SSP/AL;Documento: ;Município: Pão de Açúcar - AL;Área em hectares: 9,1500 ha
017298.pdf;Nome: Amaro Firmino dos Santos;CPF: 478.847.704-15;RG: N/A;Documento: CPF 478.847.704-15;Município: Pão de Açúcar - AL;Área em hectares: 47,8861 ha
017315.pdf;Nome: José Lisboa de Souza;CPF: 026.399.204-72;RG: 182.179 SSP/AL;Documento: RG. 182.179SSP/AL;Município: Pão de Açúcar - AL;Área em hectares: 36,5961 ha
017317.pdf;Nome: José Florencio dos Anjos;CPF: 008.068.034-87;RG: 095.945 SSP/AL;Documento: RG. 095.945 SSP/AL;Município: Pão de Açúcar - AL;Área em hectares: 22,2132 ha
017319.pdf;Nome: José Lima Oliveira;CPF: 207.699.974-49;RG: N/A;Documento: CPF;Município: Pão de Açúcar - AL;Área em hectares: 27,7888 ha
017325.pdf;Nome: João Teixeira dos Santos;CPF: 110.913.714-15;RG: 271.437SSP/AL;Documento: ;Município: Pão de Açúcar - AL;Área em hectares: 4,0176 ha
017329.pdf;Nome: Jonas Borbosa de Medeiros;CPF: 088.017.424-49;RG: 89.588 SSP/AL;Documento: ;Município: Pão de Açúcar - AL;Área em hectares: 19,8547 ha
017337.pdf;Nome: Manoel Firmino dos Santos;CPF: 071.396.084-15;RG: 403.487SSP/AL;Documento: ;Município: Pão de Açúcar - AL;Área em hectares: 96,9397 ha
017341.pdf;Nome: Manoel Messias dos Santos;CPF: 207.688.264-20;RG: Não informado;Documento: CPF 207.688.264-20;Município: Pão de Açúcar AL;Área em hectares: 19,9387 ha
017345.pdf;Nome: Maria Alves de Moraes;CPF: N/A;RG: 526.584 SSP/AL;Documento: RG. 526.584 SSP/AL;Município: Pão de Açúcar - AL;Área em hectares: 7,3981 ha
017350.pdf;Nome: Jaques França de Oliveira;CPF: ,207.700.224-72,;RG: Não informado,;Documento: ;Município: ,Pão de Açúcar - AL,;Área em hectares:
017996.pdf;Nome: Retiro do Paraná;CPF: 002.712.929-20;RG: N/A;Documento: ;Município: ,Pão de Açúcar - AL;Área em hectares: 323,8045 ha
018002.pdf;Nome: José Márcio Leite Pacheco Moreira;CPF: 005.937.024-68;RG: 106.483 SSP/AL;Documento: RG. 106.483 SSP/AL;Município: Pão de Açúcar - AL;Área em hectares: 52,7716 ha
018004.pdf;Nome: Não informado;CPF: ,112.699.794-34;RG: Não informado;Documento: ;Município: ,Pão de Açúcar - AL;Área em hectares: 43,2223 ha
018418.pdf;Nome: Antonio Balbino dos Santos;CPF: ;RG: ;Documento: Certidão de Nascimento 3.746;Município: Pão de Açúcar - AL;Área em hectares: 16,5035 ha
018422.pdf;Nome: Antonio Ferreira;CPF: -;RG: -;Documento: CTPS 1617 AL;Município: Pão de Açúcar;Área em hectares: 0,1493 ha
018455.pdf;Nome: Eduardo Monteiro Torres;CPF: 007.727.554-34;RG: Não informado;Documento: CPF;Município: Pão de Açúcar - AL;Área em hectares: 0,0397 ha
018469.pdf;Nome: Etelvina Maria de Jesus;CPF: - ;RG: - ;Documento: Certidão de Casamento 14 AL;Município: Pão de Açúcar - AL;Área em hectares: 2,2023 ha
018476.pdf;Nome:"n.º 045.876.965-00, RG n.º 8.765.432-SSP/AL, residente e domiciliado na Fazenda São José, Município de São Miguel dos Campos, Estado de Alagoas,uma área de terras de quatro hectares, situada na Fazenda São José, Município de São Miguel dosCampos, Est"
018503.pdf;Nome: José Rosa Neto;CPF: 287.042.404-30;RG: N/A;Documento: CPF;Município: Pão de Açúcar;Área em hectares: 0,3100 ha
018512.pdf;Nome: Joaquim Ferreira;CPF: 483.043.014-15;RG: Não informado;Documento: CPF;Município: Pão de Açúcar;Área em hectares: 0,0142 ha
018517.pdf;Nome: José Antonio da Silva;CPF: -;RG: -;Documento: CTPS 034127 AL;Município: Pão de Açúcar;Área em hectares: 2,6176 ha
018535.pdf;Nome: José Luiz Dasilva;CPF: -;RG: -;Documento: Cert. Nascimento 1014 AL;Município: Pão de Açúcar - AL;Área em hectares: 2,1059 ha
018541.pdf;Nome: Jonas Barbosa de Medeiros;CPF: ;RG: 89.588 SSP/AL;Documento: RG.89.588 SSP/AL;Município: Pão de Açúcar - AL;Área em hectares: 3,1790 ha
018551.pdf;Nome: Leonídia de Jesus Gomes;CPF: -;RG: -;Documento: Certidão de Nascimento 189 AL;Município: Pão de Açúcar - AL;Área em hectares: 0,7362 ha
018553.pdf;Nome: Leonídia de Jesus Gomes;CPF: -;RG: -;Documento: Certidão de Nascimento 189 AL;Município: Pão de Açúcar - AL;Área em hectares: 1,5633 ha
018556.pdf;Nome: Manoel Alves Oliveira;CPF: 483.043.104-06;RG: Não informado;Documento: CPF;Município: Pão de Açúcar - AL;Área em hectares: 0,5654 ha
018573.pdf;Nome: Manoel Henrique das Chagas;CPF: 207.728.404-83;RG: Não informado;Documento: CPF. 207.728.404-83;Município: Pão de Açúcar - AL;Área em hectares: 4,5852 ha
018579.pdf;Nome: Manoel Leonidio dos Santos;CPF: 305.149.324-49;RG: Não informado;Documento: CPF;Município: Pão de Açúcar - AL;Área em hectares: 0,5683 ha
018580.pdf;Nome: Manoel Luiz do Nascimento;CPF: Não informado;RG: 665.724 SSP/AL;Documento: RG. 665.724 SSP/AL;Município: Pão de Açúcar - AL;Área em hectares: 1,1198 ha
018581.pdf;Nome: Manoel Luiz do Nascimento;CPF: Não informado;RG: 665.724 SSP/AL;Documento: RG. 665.724 SSP/AL;Município: Pão de Açúcar - AL;Área em hectares: 0,5999 ha
018600.pdf;Nome: Manoel Vieira Gomes;CPF: 483.043.364-72;RG: Não informado;Documento: CPF 483.043.364-72;Município: Pão de Açúcar - AL;Área em hectares: 0,7722 ha
018602.pdf;Nome: Manoel Vieira Gomes;CPF: 483.043.364-72;RG: Não informado;Documento: CPF;Município: Pão de Açúcar - AL;Área em hectares: 2,4462 ha
018619.pdf;Nome: Maria Noemia de Jesus;CPF: -;RG: Cert. Nascimento 3.668 AL;Documento: -;Município: Pão de Açúcar;Área em hectares: 1,7551 ha
018644.pdf;Nome: Valdecivieira Gomes;CPF: 484.660.424-15;RG: Não informado;Documento: CPF 484.660.424-15;Município: Pão de Açúcar - AL;Área em hectares: 0,0141 ha
018655.pdf;Nome: Antônio Manoel da Silva;CPF: ;RG: ;Documento: CTPS 032647 AL;Município: Pão de Açúcar - AL;Área em hectares: 0,2170 ha
018662.pdf;Nome: Ana Rosa Vieira Gomes;CPF: ;RG: ;Documento: Certidão de Nascimento 20230;Município: Pão de Açúcar - AL;Área em hectares: 1,9175 ha
018670.pdf;Nome: Ademar lourenço dos Santos;CPF: Não informado;RG: 407.624 SSP/AL;Documento: RG. 407.624 SSP/AL;Município: Pão de Açúcar - AL
018671.pdf;Nome:
018678.pdf;Nome: Cicero Rosada Silva e Irmãos;CPF: - ;RG: - ;Documento: CTPS 07521 AL;Município: Pão de Açúcar - AL;Área em hectares: 1,6168 ha
018684.pdf;Nome: Cosme Ferreira;CPF: -;RG: -;Documento: Certidão de Casamento 14 AL;Município: Pão de Açúcar - AL;Área em hectares: 0,1610 ha
018699.pdf;Nome: Etelvina Barreto da Silva;CPF: ;RG: ;Documento: CTPS 95.016- MT-AL;Município: Pão de Açúcar - AL;Área em hectares: 0,6787 ha
018717.pdf;Nome:
018757.pdf;Nome: José Hamilton de Jesus;CPF: 484.664.174-00;RG: Não informado;Documento: CPF;Município: Pão de Açúcar;Área em hectares: 0,0164 ha
018760.pdf;Nome: José Lourenço Filho, CPF: 483.042.804-00, RG: , Documento: 483.042.804-00, Área em hectares: 0.0230 ha
018762.pdf;Nome: José Luiz Pereira;CPF: ;RG: ;Documento: Cert. Nascimento 57 AL;Município: Pão de Açúcar AL, Área em hectares: 0.9035 ha
018770.pdf;Nome: José Caetano Rodrigues;CPF: ;RG: Cert. Reservista 262253-ME-AL;Documento: Cert. Reservista 262253-ME-AL;Município: Pão de Açúcar - AL;Área em hectares: 1,3736 ha
018778.pdf;Nome: Josefa Vieira Gomes;CPF: 483.043.284-53;RG: Não informado;Documento: CPF;Município: Pão de Açúcar;Área em hectares: 0,3621 ha
018779.pdf;Nome: Julio Jacinto Soares;CPF: - ;RG: - ;Documento: Cert. Nascimento 3432 AL;Município: Pão de Açúcar - AL;Área em hectares: 4,6490 ha
018798.pdf;Nome: Manoel Gomes dos Santos;CPF: 286.113.494-15;RG: Não informado;Documento: Não informado;Município: Pão de Açúcar - AL;Área em hectares: 3,0431 ha
018805.pdf;Nome: Manoel Luiz Pereira;CPF: 483.044.684-68;RG: Não informado;Documento: CPF;Município: Pão de Açúcar - AL;Área em hectares: 10,7570 ha
018809.pdf;Nome: Manoel Messias Santos Costa;CPF: 073.990.494-91;RG: 206.523 SSP/AL;Documento: ;Município: Pão de Açúcar - AL;Área em hectares: 1,3950 ha
018830.pdf;Nome: Manoel José Teixeira;CPF: -;RG: -;Documento: Certidão de Casamento 123-AL;Município: Pão de Açúcar - AL;Área em hectares: 0,4849 ha
018838.pdf;Nome: Maria José Pereira;CPF: ;RG: ;Documento: Certidão de Nascimento 4.037 AL;Município: Pão de Açúcar - AL;Área em hectares: 1,5195 ha
018843.pdf;Nome: Maria Orminda Pereira;CPF: ;RG: ;Documento: CTPS 073.149-MT-AL;Município: Pão de Açúcar - AL;Área em hectares: 1,1908 ha
018858.pdf;Nome: Olavo Correia dos Santos;CPF: - ;RG: - ;Documento: CTPS 017917 AL;Município: Pão de Açúcar - AL;Área em hectares: 0,5751 ha
018863.pdf;Nome: Pedro Carlos de Melo;CPF: 460.635.954-49;RG: Não informado;Documento: CPF;Município: Pão de Açúcar;Área em hectares: 3,1582 ha
018867.pdf;Nome:
018875.pdf;Nome: Rosalvo Rodrigues de Morais;CPF: - ;RG: - ;Documento: Tit. Eleitoral 10.550 AL;Município: Pão de Açúcar - AL;Área em hectares: 4,3038 ha
018877.pdf;Nome: Salvador de Lisboa Oliveira;CPF: 332.143.794-53;RG: Não informado;Documento: CPF;Município: Pão de Açúcar;Área em hectares: 2,6128 ha
018881.pdf;Nome: Tereza Guilherme Luz;CPF: -;RG: -;Documento: Certidão de Casamento 1.119 CRC AL;Município: Pão de Açúcar - AL;Área em hectares: 1,1404 ha
018903.pdf;Nome:
018908.pdf;Nome: Aurelina dos Santos;CPF: 501.245.014-00;RG: Não informado;Documento: CPF. 501.245.014-00;Município: Pão de Açúcar - AL;Área em hectares: 0,0862 ha
018959.pdf;Nome: Claudio Rodrigues da Rocha;CPF: 331.809.464-15;RG: Não informado;Documento: CPF;Município: Pão de Açúcar - AL;Área em hectares: 0,0600 ha
018960.pdf;Nome: Ester Machado Feitosa;CPF: 021.053.064-20;RG: Não informado;Documento: Adquirente;Município: Pão de Açúcar - AL;Área em hectares: 1,8700 ha
018980.pdf;Nome: Givaldo Dasilva;CPF: 501.245.524-04;RG: Não informado;Documento: CPF;Município: Pão de Açúcar - AL;Área em hectares: 0,0176 ha
018984.pdf;Nome: Izauromaciel;CPF: 367.500.774-04;RG: Não informado;Documento: CPF 367.500.774-04;Município: Pão de Açúcar;Área em hectares: 3,3555 ha
019002.pdf;Nome: José Firmino Matos;CPF: 501.254.514-15;RG: Não informado;Documento: CPF;Município: Pão de Açúcar - AL;Área em hectares: 0,4819 ha
019032.pdf;Nome: José João da Silva;CPF: 412.662.184-91;RG: Não informado;Documento: CPF 412.662.184-91;Município: Pão de Açúcar - AL;Área em hectares: 2,4799 ha
019037.pdf;Nome: José Brasileira ;CPF: ;RG: 513.981 ;Documento: RG ;Município: Pão de Açúcar ;Área em hectares: 0,8482 ha
019065.pdf;Nome: Maria José da Silva;CPF: 207.711.264-68;RG: Não informado;Documento: CPF. 207.711.264-68;Município: Pão de Açúcar - AL;Área em hectares: 0,0117 ha
019066.pdf;Nome: Maria do Carmo Bonfim dos Santos;CPF: 403.485.474-04;RG: Não informado;Documento: CPF. 403.485.474-04;Município: Pão de Açúcar - AL;Área em hectares: 0,0202 ha
019067.pdf;Nome: Maria Alice Ferreira;CPF: 222.935.234-20;RG: Não informado;Documento: CPF;Município: Pão de Açúcar - AL;Área em hectares: 0,5953 ha
019116.pdf;Nome: Manoel Meneses dos Santos;CPF: 313.482.894-49;RG: Não informado;Documento: CPF;Município: Pão de Açúcar - AL;Área em hectares: 0,1991 ha
019152.pdf;Nome: Natálicio Saraiva;CPF: 331.861.384-34;RG: Não informado;Documento: CPF;Município: Pão de Açúcar - AL;Área em hectares: 0,7287 ha
019852.pdf;Nome: Antonio Silva;CPF: 494.145.004-30;RG: -;Documento: CPF;Município: Pão de Açúcar;Área em hectares: 0,3786 ha
019892.pdf;Nome: Amália Lima Almeida;CPF: ;RG: ;Documento: Certidão de Nascimento 2.280 AL;Município: Pão de Açúcar AL;Área em hectares: 0,6402 ha
019942.pdf;Nome: Felinto Sampaio;CPF: - ;RG: - ;Documento: Certidão de Casamento 1605 AL;Município: Pão de Açúcar - AL;Área em hectares: 8,1051 ha
019943.pdf;Nome: Felinto Ferreira Sampaio;CPF: Não informado;RG: Não informado;Documento: Certidão de Casamento 1605 AL;Município: Pão de Açúcar - AL;Área em hectares: 5,1222 ha
019952.pdf;Nome: Getulio Fontes;CPF: 367.035.324-00;RG: Não informado;Documento: CPF 367.035.324-00;Município: Pão de Açúcar - AL;Área em hectares: 7,7908 ha
019963.pdf;Nome: José Barbosa da Silva;CPF: Não informado;RG: 587.613 SSP/AL;Documento: RG. 587.613 SSP/AL;Município: Pão de Açúcar - AL;Área em hectares: 24,8865 ha
019972.pdf;Nome:
020012.pdf;Nome: João Francisco da Silva;CPF: ;RG: ;Documento: Cert. Nascimento 18903/CRC;Município: Pão de Açúcar - AL;Área em hectares: 0,5613 ha
020013.pdf;Nome: João Marcelino Gonçalves;CPF: 088.046.724-04;RG: Não informado;Documento: CPF. 088.046.724-04;Município: Pão de Açúcar - AL;Área em hectares: 1,0050 ha
020033.pdf;Nome: Luiz Januário da Silva;CPF: 501.247.144-4;RG: Não informado;Documento: CPF. 501.247.144-4;Município: Pão de Açúcar - AL;Área em hectares: 0,0131 ha
020036.pdf;Nome: Luiz Laurentino dos Santos;CPF: ;RG: ;Documento: CTPS 73.937 AL;Município: Pão de Açúcar - AL;Área em hectares: 8,3175 ha
020048.pdf;Nome: Maria das Dores Lisboa;CPF: -;RG: -;Documento: Certidão de Nascimento 371 CRC AL;Município: Pão de Açúcar AL;Área em hectares: 0,2161 ha
020052.pdf;Nome: Maria Delourdes Nunes;CPF: 494.825.484-34;RG: 277.305 SSP/AL;Documento: ;Município: Pão de Açúcar;Área em hectares: 0,1302 ha
020068.pdf;Nome: Manoel José da Silva;CPF: 347902764-49;RG: 840.365 SSP/SE;Documento: ;Município: Pão de Açúcar - AL;Área em hectares: 3,5678 ha
020074.pdf;Nome: Manoel Lino da Rocha;CPF: 227.448.784-72;RG: Não informado;Documento: CPF;Município: Pão de Açúcar - AL;Área em hectares: 0,4668 ha
020076.pdf;Nome: Manoel Alves dos Santos;CPF: 501.247.494-53;RG: Não informado;Documento: Simplesmente denominado Adquirente;Município: Pão de Açúcar - AL;Área em hectares: 4,8664 ha
020077.pdf;Nome: Manoel Alves dos Santos;CPF: ;RG: ;Documento: Cert. Nascimento 1263 AL;Município: Pão de Açúcar - AL;Área em hectares: 1,0388 ha
020080.pdf;Nome: Manoel Francisco Neto;CPF: 313.474.284-53;RG: Não informado;Documento: CPF- 313.474.284-53;Município: Pão de Açúcar - AL;Área em hectares: 1,1448 ha
020081.pdf;Nome: Manoel Brasileira;CPF: 313.474.284-53;RG: Não informado;Documento: Título Definitivo de Propriedade;Município: Pão de Açúcar - AL;Área em hectares: 1,5757 ha
020082.pdf;Nome: Manoel Honorio dos Santos;CPF: ;RG: ;Documento: Certidão de Nascimento 8925 CRC;Município: Pão de Açúcar - AL;Área em hectares: 1,5161 ha
020083.pdf;Nome: Manoel Honório dos Santos;CPF: -;RG: -;Documento: Cert. Nascimento 8925 AL;Município: Pão de Açúcar - AL;Área em hectares: 7,2436 ha
020095.pdf;Nome: Otávio Bonfim Pinto;CPF: 287.045.334-53;RG: Não informado;Documento: CPF;Município: Pão de Açúcar - AL;Área em hectares: 0,0117 ha
020097.pdf;Nome: Paulo Rodrigues da Rocha;CPF: Não informado;RG: 552.814 SSP/SE;Documento: RG. Nº.552.814 SSP/SE;Município: Pão de Açúcar - AL;Área em hectares: 0,2139 ha
020102.pdf;Nome: Silvino Honório dos Santos;CPF: ;RG: ;Documento: CTPS;Município: Pão de Açúcar - AL;Área em hectares: 2,5825 ha
020106.pdf;Nome: Severino Pinto Lisboa;CPF: N/A;RG: 240.098 SSP/AL;Documento: RG. 240.098 SSP/AL;Município: Pão de Açúcar;Área em hectares: 0,0254 ha
020107.pdf;Nome: Tercília Jesus;CPF: ;RG: ;Documento: CTPSMT-AL;Município: Pão de Açúcar - AL;Área em hectares: 1,0811 ha
020109.pdf;Nome: Tereza Maria do Nascimento;CPF: - ;RG: - ;Documento: CTPS 77200 MT AL;Município: Pão de Açúcar - AL;Área em hectares: 4,8791 ha
020110.pdf;Nome: Tereza Maria do Nascimento;CPF: -;RG: -;Documento: CTPS 77200 MT AL;Município: Pão de Açúcar - AL;Área em hectares: 1,7976 ha
024485.pdf;Nome: Desconhecido;CPF: ,153.916.204-49;RG: ,Desconhecido;Documento: ;Município: ,Pão de Açúcar - AL;Área em hectares: ,"41,0917 ha
024488.pdf;Nome: Serapião Barbosa de Medeiros;CPF: 008.047.974-04;RG: N/A;Documento: CTPS 046264 AL;Município: Pão de Açúcar - AL;Área em hectares: 122,1519 ha
024490.pdf;Nome:
026581.pdf;Nome: Antonio da Cruz;CPF: 210.773.634-00;RG: 534.994 SSP/AL;Documento: ;Município: Pão de Açúcar - AL;Área em hectares: 29,9116 ha
062341.pdf;Nome: Ermano Oliveira da Silva;CPF: 287.239.884-74;RG: Não informado;Documento: Título Definitivo de Propriedade;Município: Pão de Açúcar - AL;Área em hectares: 5,4835 ha
062344.pdf;Nome: José Alcantara;CPF: N/A;RG: 100.896 SSP/AL;Documento: ;Município: Pão de Açúcar - AL;Área em hectares: 224,9861 ha
062345.pdf;Nome: José Alcantara;CPF: N/A;RG: 100.896 SSP/AL;Documento: RG.100.896 SSP/AL;Município: Pão de Açúcar - AL;Área em hectares: 1.204,2261 ha
062346.pdf;Nome: José Alcantara;CPF: N/A;RG: 100.896 SSP/AL;Documento: RG. 100.896 SSP/AL;Município: Pão de Açúcar - AL;Área em hectares: 351,1647 ha
062394.pdf;Nome: Cicero Menezes dos Santos;CPF: 447.211.534-49;RG: Não informado;Documento: CPF 447.211.534-49;Município: Pão de Açúcar - AL;Área em hectares: 0,0144 ha
062398.pdf;Nome: José Fonseca Santos;CPF: 256.197.995-49;RG: Não informado;Documento: CPF 256.197.995-49;Município: Pão de Açúcar - AL, Área em hectares: 
062409.pdf;Nome: Paulo Alves da Silva;CPF: 153.866.944-72;RG: Não informado;Documento: CPF;Município: Pão de Açúcar - AL;Área em hectares: 0,0144 ha
062623.pdf;Nome: Jaques França de Oliveira;CPF: ,111.594.304-97;RG: Não informado;Documento: ;Município: ,Pão de Açúcar - AL;Área em hectares: 312,7786 ha
062627.pdf;Nome: José Antonio Pires Guimarães;CPF: 060.560.834-20;RG: 130.683;Documento: ;Município: Pão de Açúcar - AL;Área em hectares: 147,3514 ha
