Nº TÍTULO;NOME;CPF;RG;DOCUMENTO;ÁREA (ha)
001189.pdf;Nome: José Rodrigues da Silva;CPF: 373.619.014-72;RG: ;Documento: ;Área em hectares: 0,1722 ha
001189_001.pdf;Nome: José Rodrigues da Silva;CPF: 373.619.014-72;RG: ;Documento: ;Área em hectares: 0,1722 ha
001388.pdf;Nome: Maria Marlene de Lima;CPF: ;RG: ;Documento: ;Área em hectares:  1,3417 ha
001388_001.pdf;Nome: Maria Marlene de Lima;CPF: 808.661.158-20;RG: Não informado;Documento: CPF Nº. 808.661.158-20;Área em hectares: 1,3417 ha
003094.pdf;Nome: Manoel Rosa do Nascimento;CPF: ;RG: ;Documento: 891.244/SSP/AL;Área em hectares: 0,1461
003094_001.pdf;Nome: Manoel Rosa do Nascimento;CPF: ;RG: 891.244-SSP/AL;Documento: RG;Área em hectares: 0,1461
003146.pdf;Nome: Maria Vicente da Silva;CPF:;RG:;Documento: CTPS 63611/002/AL;Área em hectares: 0,4086 ha
003146_001.pdf;Nome: Maria Vicente da Silva;CPF: ;RG: ;Documento: CTPS. 63611/002/AL;Área em hectares: 0,4086 ha
003241.pdf;Nome: Sebastião Honoro da Silva Brasileiro;CPF: ;RG: ;Documento: ;Área em hectares: 175
003241_001.pdf;Nome: Sebastião Honorio da Silva;CPF: 319.434.624-53;RG: ;Documento: CPF;Área em hectares: 3,4832 ha
003244.pdf;Nome: Sebastião Rodrigues Teixeira;CPF: 176;RG: Multo Jessa;Documento: ;Área em hectares: 0,3381
003244_001.pdf;Nome: Sebastião Rodrigues Teixeira;CPF: ;RG: ;Documento: CTPS. 045-776-03-AL;Área em
003278.pdf;Nome: Antonio Bernardo da Silva;CPF: 094453;RG: ;Documento: C.P-094-453;Área em hectares: 0,0252
003278_001.pdf;Nome: Antonio Bernardo da Silva;CPF: ;RG: ;Documento: C.T.P.S - 094-453;Área em hectares: 0,0252 ha
003332.pdf;Nome: Antonio José dos Santos;CPF: 468.708.654-34;RG: BONUM ET;Documento:;Área em hectares: 0,4360
003332_001.pdf;Nome: Antonio José dos Santos;CPF: 468.708.654-34;RG: ;Documento: CPF;Área em hectares: 0,4360 ha
003334.pdf;Nome: Maria Leite da Conceição;CPF: 468.696.034-72;RG: 03334;Documento: CPF-468.696.034-72;Área em hectares: 160
003334_001.pdf;Nome: Maria Leite da Conceição;CPF: 468.696.034-72;RG: ;Documento: CPF;Área em hectares: 0,6153 ha
003336.pdf;Nome: Maria Rosa de Jesus;CPF: ;RG: ;Documento: CTPS.019.933/636;Área em hectares: 0,4138
003336_001.pdf;Nome: Maria Rosa de Jesus;CPF: ;RG: ;Documento: CTPS. 019.933/636;Área em hectares: 0,4138
003346.pdf;Nome: Ozória Maria da Conceição;CPF: ;RG: ;Documento: C.C. 313; Área em hectares:
004154.pdf;Nome: Antonio Ferreira da Silva ;CPF: 049.233.754-33 ;RG: 049.233.754-33 ;Documento:;Área em hectares: 7,0402
004154_001.pdf;Nome: CANUDOS VELHOS;CPF: 049.233.754-33;RG: -;Documento: N.º246.131.019.011;Área em hectares: 7,0402 ha
004172.pdf;Nome: Antonio Querobino de Oliveira;CPF: 007.977.404-06;RG: S268.016-SSP/AL;Documento: 007.977.404-06 S268.016-SSP/AL;Área em hectares: 60,5249
004172_001.pdf;Nome: Antonio Querobino de Oliveira;CPF: 007.977.404-06;RG: -;Documento:;Área em hectares: 60,5249 ha
004173.pdf;Nome: Antonio Querubino de Oliveira ;CPF: 007.977.404-06 ;RG: 268.016/SSP/AL ;Documento: 007.977.404-06 ;Área em hectares: 12,8764
004173_001.pdf;Nome:  Antonio Querubino de Oliveira;CPF: 007.977.404-06;RG: ;Documento: ;Área em hectares: 12,8764 ha
004205.pdf;Nome: João da Silva Souza;CPF: 026.256.254-20;RG: 241.614SSP/AL; Documento: 026.256.254-20;Área em hectares: 8,8904 ha
004205_001.pdf;Nome: ;CPF: 026.256.254-20;RG: 241.614-SSP/AL;Documento:;Área em hectares: 8,8904 ha
004211.pdf;Nome: João Venceslau de Farias;CPF: 368.262.354;RG: 4211;Documento: CPF;Área em hectares: 9,5782
004211_001.pdf;Nome: ;CPF: 368.262.354-04;RG: -;Documento: 368.262.354-04;Área em hectares: 9,5782 ha
004222.pdf;Nome: José Barbosa da Silva ;CPF: 049286654;RG: ;Documento: ;Área em hectares: 29,3335
004222_001.pdf;Nome: José Barbosa da Silva;CPF: 049.286.654-53;RG: -;Documento: ;Área em hectares: 29,3335 ha
004239.pdf;Nome: José Francisco da Silva ;CPF: ;RG: ;Documento:566.094/AL ;Área em hectares: 3,8226 ha
004239_001.pdf;Nome: José Francisco da Silva;CPF: ;RG: 566.094-SSP/AL;Documento: RG;Área em hectares: 3,8226 ha
004247.pdf;Nome: JOSE JACINTO DA SILVA;CPF: 111322484334;RG: SOLTEIRO;Documento: transcrição ou matrícula nº3,744;Área: 4,3850 hectares
004247_001.pdf;Nome: SITIO PAU AMARELO;CPF: 111.322.484-34;RG: -;Documento: N.°246.131.005.045;Área em hectares: 4,3850 ha
004286.pdf;. 20, com a área de 4,3684 hectaresNome: Manoel Feliciano Porto;CPF: 34;RG: 38/Fls;Documento: C.C.M.;Área: 4,3684 hectares
004286_001.pdf;Nome: Manoel Feliciano Porto;CPF: ;RG: ;Documento: C.CASM.38/FLS23, LIV 5-B;Área em hectares: 4,3684 ha
004292.pdf;Nome: Sítio Mumbuca;CPF: 228.039.044-20;RG: -;Documento: Memorial Descritivo do Lote N.° 1880;Área em hectares: 3,4942 ha
004294.pdf;Nome: Manoel Neves da Silva ;CPF: 228.039.044-AL ;RG: 20.824.122/83 ;Documento: Título de Reconhecimento de Domínio ;Área: 3,4942 hectares
004294_001.pdf;Nome: Sítio Mumbuca;CPF: 228.039.044-20;RG: -;Documento: INCRA N.º246.131.027.030;Área em hectares: 3,4942 ha
004312.pdf;Nome: Miguel Galdino da Costa;CPF: 373.624.294-87;RG: 459.978-SSP/AL;Documento: Documento de identidade;Área em hectares: 9,2698
004312_001.pdf;Nome: Miguel Galdino da Costa;CPF: 373.624.294-87;RG: N/A;Documento: CPF;Área em hectares: 9,2698 ha
004314.pdf;
004314_001.pdf;Nome: Nestor Firmino da Silva;CPF: 331.987.804-20;RG: 518.349 - SSP/AL;Documento: CPF 331.987.804-20 RG 518.349 - SSP/AL;Área em hectares: 5,0781 ha
004320.pdf;Nome: Pedro Davincula do Nascimento;CPF: 026.259.624;RG: -;Documento: Documento de Identidade;Área em hectares: 3.9827 ha
004320_001.pdf;Nome: Pedro Davincula do Nascimento;CPF: 026.259.624-53;RG: ;Documento: CPF 026.259.624-53;Área em hectares: 3,9827 ha
004321.pdf;Nome: Pedro Antonio dos Reis;CPF: 4321;RG: 079703/479;Documento: Título de Reconhecimento de Domínio;Área: 6.3647 ha
004321_001.pdf;Nome: Pedro Antonio dos Reis;CPF: ;RG: ;Documento: CTPS 079703/479ª;Área em hectares: 6,3647 ha
004330.pdf;Nome: Valdemar Joaquim de Oliveira;CPF: 008.097.134-20;RG:;Documento: Título de Reconhecimento de Domínio;Área: 90,5330 hectares
004330_001.pdf;Nome: Sítio Serra Limpa;CPF: 008.097.134-20;RG: -;Documento: N.°246.131.004.758;Área em hectares: 90,5330 ha
004335.pdf;Nome: Jouelho Jessa Romuldre;CPF: 4335;RG: Јеца;Documento: Título de Reconhecimento de Domínio;Área em hectares: 2,47
004335_001.pdf;Nome: Vicentina Maria de Oliveira;CPF: ;RG: ;Documento: Cert. Casm. 312/FLS 10, Liv. 7-B;Área em hectares: 2,4799 ha
012761.pdf;Nome: Francisco Gomes de Almeida;CPF: 209.505.004-53;RG: ;Documento: C.P.F.;Área em hectares: 
012923.pdf; 
012924.pdf;Nome: José Florencio da Silva;CPF: 384.074.774-00;RG: -;Documento: CPF-384.074.774-00;Área em hectares: 1,6365
012924_001.pdf;Nome: José Florêncio da Silva;CPF: 384.074.774-00;RG: -;Documento: CPF;Área em hectares: 1,6365 ha
012926.pdf;Nome: Agustinho Gomes de Alcântara;CPF: 064.128.664.34;RG: 1.695.147/SSPRJ;Documento: ;Área em hectares: 0,0615
012926_001.pdf;
012931.pdf;Nome: Antonia Rosa Ferreira;CPF: 468.697.514-04;RG: 246131020290;Documento: ;Área em hectares: 1,6329ha
012931_001.pdf;Nome: Antonia Rosa Ferreira;CPF: 468.697.514-04;RG: ;Documento: CPF;Área em hectares: 1,6329 ha
012939.pdf;Nome: Antonio Pedro dos Santos;CPF: 347.771.994-87;RG: -;Documento: CPF-347.771.994-87;Área em hectares: 0,8010
012939_001.pdf;Nome: Antonio Pedro dos Santos;CPF: 347.771.994-87;RG: ;Documento: CPF;Área em hectares: 0,8010 ha
012950.pdf;Nome: Augusto Gomes do Nascimento;CPF: 468.698.244-87;RG: ;Documento:;Área em hectares: 1,80622 116ha
012950_001.pdf;Nome: Augusto Gomes do Nascimento;CPF: 468.698.244-87;RG: ;Documento: CPF;Área em hectares: 1,8062 ha
012952.pdf;Nome: Antonio Rosa da Silva;CPF: 151.999.594.68;RG: 2.174/3BR;Documento: CPF-151.999.594.68;Área em hectares: N/A
012952_001.pdf;Nome: Antonio Rosa da Silva;CPF: 151.999.594.68;RG: 158.307/SSP/AL;Documento: CPF;Área em hectares: 2,1743 ha
012963.pdf;Nome: Ana Rodreigues de Santa Rosa;CPF: 049.304.524-49;RG: ;Documento: Documento de Identidade;Área em hectares: 4,5452 ha
012963_001.pdf;Nome: Ana Rodrigues de Santa Rosa;CPF: 049.304.524-49;RG: ;Documento: CPF 049.304.524-49;Área em hectares: 4,5452 ha
012985.pdf;Nome: Antonia Luzia da Conceição;CPF: ;RG: ;Documento: C.T. 050242 MTP;Área: 2,64951 hectares
012985_001.pdf;Nome: Antonia Luzia da Conceição;CPF: ;RG: ;Documento: C.T.P.S. 050242MTPS/AL;Área em hectares: 2,6495 ha
012987.pdf;Nome: Antonio Bezerra dos Santos;CPF: ;RG: CI.426.439/AL;Documento: Documento de identidade;Área em hectares: 7,6182
012987_001.pdf;Nome: Antonio Bezerra dos Santos;CPF: ;RG: 426.439 SSP/AL;Documento: RG.426.439SSP/AL;Área em hectares: 7,6182 ha
012999.pdf;Nome: Antonio José dos Santos;CPF: 039.573.224-72;RG: 039.573.224-72;Documento: 039.573.224-72;Área em hectares: 3,4173
012999_001.pdf;Nome: Lagoa Grande;CPF: 039.573.224-72;RG: -;Documento: N.°246.131.020.079;Área em hectares: 3,4173 ha
013019.pdf;Nome: Antonia Maria da Conceição;CPF: 85246131020605;RG: 72.384/AL;Documento:;Área em hectares: 0,9303
013019_001.pdf;Nome: Antonia Maria da Conceição;CPF: ;RG: 72.384-SSP/AL;Documento: RG;Área em hectares: 0,9303 ha
013024.pdf;Nome: Antonio Alvino dos Santos;CPF: 313.466.694-49;RG: 2.0767;Documento: ;Área em hectares: 
013024_001.pdf;Nome: Antonio Alvino dos Santos;CPF: 313.466.694-49;RG: ;Documento: ;Área em hectares: 2,0767 ha
013035.pdf;Nome: Antonio Lucindo dos Santos;CPF: 422.135.174-87;RG: -;Documento: Presente Título;Área em hectares: 0,1232
013035_001.pdf;Nome: Antonio Lucindo dos Santos;CPF: 422.135.174-87;RG: ;Documento: CPF;Área em hectares: 0,1232 ha
013038.pdf;
013038_001.pdf;Nome: Antonio Nunes dos Santos;CPF: 027.567.574-20;RG: ;Documento: CPF;Área em hectares: 1,3922 ha
013052.pdf;Nome: Arlindo Jorge dos Santos;CPF: 468.708.304-87;RG: 84246131020850;Documento: ;Área em hectares: 0,3096 ha
013052_001.pdf; 
013055.pdf;Nome: Augusto Gomes do Nascimento;CPF: 468.698.244-87;RG: ;Documento: CPF.468.698.244-87;Área em hectares: 0,7508
013055_001.pdf;Nome: Augusto Gomes do Nascimento;CPF: 468.698.244-87;RG: ;Documento: CPF.468.698.244-87;Área em hectares: 0,7508 ha
014807.pdf;Nome: João da Costa Barros;CPF: 409.497.374-53;RG: -;Documento: CPF-409.497.374-53;Área em hectares: 1,4723
014807_001.pdf;Nome: João da Costa Barros ;CPF: 409.497.374-53 ;RG: ;Documento: CPF ;Área em hectares: 1,4723 ha
014808.pdf;Nome: João da Costa Barros;CPF: 409.497.374-53;RG: ;Documento: CPF;Área em hectares: 0,2004 ha
014815.pdf;Nome: José Marques Filho ;CPF: 164.396.804-68 ;RG: ;Documento: ;Área em hectares: 12,5537
014815_001.pdf;Nome: José Marques Filho;CPF: 164.396.804-68;RG: ;Documento: CPF;Área em hectares: 12,5537ha
014823.pdf;Nome: Maria das Dores da Conceição;CPF: ;RG: ;Documento:;Área em hectares: 83
014823_001.pdf;Nome: Maria das Dores da Conceição;CPF: ;RG: ;Documento: CTPS - 069.561;Área em hectares: 0,2222 ha
014828.pdf;Nome: Rozendo Pereira da Silva;CPF: ;RG: ;Documento: C.N.3078,1.A-4;Área em hectares: 0,4
014828_001.pdf;
014829.pdf;
014829_001.pdf;Nome: Alonso José Nogueira;CPF: 060083.994-04;RG: ;Documento: CPF. 060083.994-04;Área em hectares: 3,7985
014831.pdf;Nome: José Marques do Nascimento (Espólio);CPF: ;RG: ;Documento: ;Área em hectares: 
014831_001.pdf;Nome: José Marques do Nascimento (Espólio);CPF: ;RG: 305.876;Documento: ;Área em hectares: 
014834.pdf;
014834_001.pdf;Nome: Benedito Ferreira dos Santos;CPF: ;RG: ;Documento: C.C - 284-CRC/AL;Área em hectares: 0,0878 ha
014840.pdf;Nome: Benício Raimundo da Silva;CPF: 387.663.704.00;RG: -;Documento: CPF-387.663.704.00;Área em hectares: 0,8317
014842.pdf;Nome: Brazilina Ribeiro da Silva;CPF: 083;RG: -;Documento: C.N-7264 f.129;Área em hectares: 0,1397
014842_001.pdf;Nome: Brazilina Ribeiro da Silva;CPF: C.N-7264 F. 129;RG: -;Documento: C.N-7264 F. 129;Área em hectares:
014850.pdf;Nome: Cícero José de Oliveira;CPF: 384.788.464-68;RG: 72246131021520;Documento: CPF-384.788.464-68;Área em hectares: 1,0256
014850_001.pdf;Nome: Cicero José de Oliveira;CPF: 384.788.464-68;RG: ;Documento: CPF;Área em hectares: 1,0256 ha
014859.pdf;Nome: Cícero José de Oliveira;CPF: ;RG: ;Documento: C.C 1126;Área em hectares: 2,7112 ha
014859_001.pdf;Nome: Cicero José de Oliveira;CPF: -;RG: -;Documento: C.C 1126;Área em hectares: 2,7112 ha
014860.pdf;Nome: Cícero Texeira da Rocha;CPF: 898.286.908-53;RG: -;Documento: -;Área em hectares: 0,5751 ha
014860_001.pdf;Nome: Cicero Texeira da Rocha;CPF: 898.286.908-53;RG: ;Documento: ; Área em hectares: 
014887.pdf;Nome: Pedro Sebastião Sobrinho;CPF: 331.709.914-34;RG: ;Documento: CPF.331.709.914-34;Área em hectares: 3,1845
014887_001.pdf;Nome: Pedro Sebastião Sobrinho;CPF: 331.709.919-34;RG: ;Documento: CPF;Área em hectares: 3,1845 ha
014888.pdf;Nome: Emídio João da Silva;CPF: ;RG: ;Documento: CTPS-013.328;Área em hectares: 0,8952
014888_001.pdf;Nome: Emídio João da Silva;CPF: ;RG: ;Documento: CTPS-013.328;Área em hectares: 0,8952 ha
014931.pdf;Nome: Gerson Severino da Silva;CPF: ;RG: ;Documento: C.C -201/AL;Área em hectares: 0,1588
014931_001.pdf;Nome: Gerson Severino da Silva;CPF: -;RG: -;Documento: C.C -201/AL;Área em hectares: 0,1588 ha
014932.pdf;Nome: Gerson José de Santana;CPF: 84;RG: ;Documento: CTPS-040.213/AL;Área em hectares: 0,03761878240
014932_001.pdf;Nome: Gerson José de Santana;CPF: ;RG: ;Documento: CTPS. 040.213-AL;Área em hectares: 0,0376 ha
014958.pdf;Nome: João Gilo dos Santos;CPF: 208.925.004-68;RG: ;Documento: CPF-208.925.004-68;Área em hectares: 0,2818
014958_001.pdf;Nome: João Giló dos Santos;CPF: 208.925.004-68;RG: ;Documento: CPF;Área em hectares: 0,2818 ha
014990.pdf;Nome: Joana Paula de Jesus;CPF: 2461310227;RG: 10.008/CRC/AL;Documento: C.N.;Área em hectares: 0,7044
014990_001.pdf;Nome: Joana Paula de Jesus;CPF: 10.008/CRC//AL;RG: -;Documento: C.N 10.008/CRC//AL;Área em hectares: 0,7044 ha
014997.pdf;Nome: Joaquim José dos Santos;CPF: ;RG: ;Documento: CTPS 30.906/AL;Área em hectares: 0,0302 ha
014997_001.pdf;Nome: Joaquim José dos Santos;CPF: ;RG: ;Documento: CTPS 30.906/AL;Área em hectares: 0,0302 ha
015012.pdf;Nome: JOSEFHA TEREZA DE JESUS;CPF: ;RG: ;Documento: CTPS-70.303/AL;Área em hectares: 2,4197
015012_001.pdf;Nome: Josefa Tereza de Jesus;CPF: ;RG: ;Documento: CTPS. 70.303/AL;Área em hectares: 2,4197 ha
015015.pdf;Nome: Josefa Maria da Conceição;CPF: 246.131022-403;RG: -;Documento: CPF-283.114.004-82;Área em hectares: 0,9099 ha
015015_001.pdf;Nome: Josefa Maria da Conceição;CPF: 283.114.004-82;RG: -;Documento: CPF;Área em hectares: 0,9099 ha
015030.pdf;Nome: José Lopes da Silva Filho;CPF: ;RG: ;Documento: CI-551.179/AL;Área em hectares: 2,3046
015047.pdf;Nome: JOSE DOMINGOS DA SILVA;CPF: ;RG: ;Documento: CARTEIRA DE TRABALHO N° 65 993;Área em hectares: 0,3040
015047_001.pdf;Nome: José Domingos da Silva;CPF: ;RG: ;Documento: CTPS Nº. 65.993-AL;Área em hectares: 0,3040 ha
015050.pdf;Nome: José Antonio dos Santos;CPF: 1139;RG: Sabu137;Documento: CN-4098/AL;Área em hectares: 0,8947
015067.pdf;Nome: José Noberto da Silva;CPF: ;RG: ;Documento: CTPS-65.833/AL;Área em hectares: 1,3593 ha
015067_001.pdf;Nome: José Noberto da Silva;CPF: ;RG: ;Documento: CTPS - 65.833/AL;Área em hectares: 1,3593 ha
015083.pdf;Nome: José Alexandre ;CPF: 15083 ;RG: 41.548-D/SP ;Documento: CTPS-047.067/AL ;Área em hectares: 0,2042
015083_001.pdf;Nome: José Alexandre;CPF: ;RG: ;Documento: CTPS--047.067/AL;Área em hectares: 0,2042 ha
015107.pdf;Nome: Jose Otavio Correia;CPF: 399.736.204-10;RG: ;Documento:;Área em hectares: 0,6484
015107_001.pdf;Nome: José Otavio Correia;CPF: 399.736.204-10;RG: ;Documento: CPF;Área em hectares: 0,6484 ha
015118.pdf;Nome: José Alcides de Farias;CPF: 469.657.774-00;RG: 137;Documento: CPF-469.657.774-00;Área em hectares: 0,4032
015118_001.pdf;Nome: José Alcides de Farias;CPF: 469.657.774-00;RG: ;Documento: CPF;Área em hectares: 0,4032 ha
015168.pdf;Nome: José Gerônimo do Nascimento;CPF: 008.207.578-61;RG: N/A;Documento: CPF-008.207.578-61;Área em hectares: 0,0172
015168_001.pdf;Nome: José Geronimo do Nascimento;CPF: 008.207.578-61;RG: ;Documento: CPF.008.207.578-61;Área em hectares:
015189.pdf;Nome: Luis Rosendo Freire;CPF: 223.097.484-04;RG: ;Documento:;Área em hectares: 0,0546ha
015189_001.pdf;Nome: Luis Rosendo Freire;CPF: 223.097.484-04;RG: ;Documento: CPF;Área em hectares: 0,0546ha
015194.pdf;
015194_001.pdf;Nome: Luiz Inácio dos Santos;CPF: ;RG: ;Documento: C.C -449/ CRC/AL;Área em hectares: 1,0686 ha
015203.pdf;Nome: Luzínário José dos Santos;CPF: ;RG: ;Documento: CTPS 007.964/AL;Área em hectares: 0,4610 ha
015203_001.pdf;Nome: Luzínário José dos Santos;CPF: ;RG: ;Documento: CTPS. 007.964/AL;Área em hectares: 0,4610 ha
015204.pdf;Nome: Lídia Vicente da Silva;CPF: 088.401.804-00;RG: -;Documento: CPF.088.401.804-00;Área em hectares: 12,5772ha
015204_001.pdf;Nome: Lídia Vicente da Silva;CPF: 088.401.804-00;RG: -;Documento: CPF;Área em hectares: 12,5772 ha
015259.pdf;
015259_001.pdf;Nome: Manoel Rosa da Silva;CPF: 204.494.194-68;RG: 031.252-SSP/AL;Documento: ; Área em hectares: 
015274.pdf;Nome: Manoel Vieira de Araujo;CPF: 83246131025798;RG: -;Documento:; Área em hectares: 
015278.pdf;
015278_001.pdf;
015289.pdf;Nome: Manoel Romão Batista;CPF: 332.548.934-68;RG: 155;Documento: CI 449.039/SSP/AL;Área em hectares: 1,6749 ha
015289_001.pdf;Nome: Manoel Romão Bastista;CPF: 332.548.934-68;RG: 449.039-SSP/AL;Documento: CPF;Área em hectares: 
015301.pdf;Nome: José Firmino Filho ;CPF: 246131026 ;RG: 298 ;Documento: CTPS-326 MT/AL ;Área em hectares: 0,9394 ha
015301_001.pdf;
015309.pdf;Nome: Miguel Luiz da Silva;CPF: ;RG: 533849/SSP/AL;Documento:;Área em hectares: 0,5802 ha
015309_001.pdf;Nome: Miguel Luiz da Silva;CPF: ;RG: 533.849-SSP/AL;Documento: ;Área em hectares: 0,5802ha
015310.pdf;Nome: Miguel Luiz da Silva;CPF: 384.783.154.20;RG:;Documento: 533.849/SSP/AL;Área em hectares: 0,5307 ha
015310_001.pdf;Nome: Miguel Luiz da Silva;CPF: 384.783.154.20;RG:;Documento: 533.849/SSP/AL;Área em hectares: 0,5307 ha
015322.pdf;Nome: Marinete Julio da Silva Santos;CPF: 337.182.884-00;RG: ;Documento:;Área em hectares: 1,2920 ha
015322_001.pdf;Nome: Marinete Julio da Silva Santos;CPF: 337.182.884-00; RG: ;Documento:; Área em hectares:  1,2920 ha
015326.pdf;Nome: Natálio José dos Santos;CPF: 274.454.024-2015;RG: 167166;Documento: 379.723 SSP/AL;Área em hectares: 0,326 ha
015326_001.pdf;Nome: NATALICIO JOSÉ DOS SANTOS;CPF: 274.454.024-20;RG: 379.723-SSP/AL;Documento: R.G. 379.723-SSP/AL; Área em hectares: 
015364.pdf;Nome: Pedro José da Paz;CPF: 387.663.454-72;RG: -;Documento: -;Área em hectares: 1,9085
015364_001.pdf;Nome: Pedro José da Paz;CPF: 387.663.454-72;RG: ;Documento: CPF;Área em hectares: 1,9085ha
015365.pdf;Nome: Paulino Antônio Curto;CPF: ;RG: ;Documento: CTPS 011.509 MT/AL;Área em hectares: 0,6781 ha
015365_001.pdf;Nome: Paulino Antonio Curto;CPF: ;RG: ;Documento: CTPS. 011.509 MT/AL;Área em hectares: 0,6781 ha
015381.pdf;Nome: Rosa Maria da Conceição;CPF: -;RG: -;Documento: C.C. 780 CRC/AL;Área em hectares:  6,4367ha
015381_001.pdf;Nome: Rosa Maria da Conceição;CPF: ;RG: ;Documento: C.C 780 CRC/AL;Área em hectares: 6,4367ha
015384.pdf;Nome: Sebastião Pedro de Oliveira;CPF: 337.339.374-49;RG: ;Documento: CTPS. 7.863.MT/AL;Área em hectares: 0,5399
015385.pdf;Nome: Sebastião Honorio da Silva;CPF: 319.434.624-53;RG: -;Documento: -;Área em hectares: 1,4794
015385_001.pdf;Nome: Sebastião Honório da Silva;CPF: 319.434.624-53;RG: -;Documento: ;Área em hectares: 1,4794 ha
015389.pdf;Nome: Sebastião Pedro de Oliveira;CPF: 337.339.374-49;RG: ; Documento: CTPS. 7.863.MT/AL;Área em hectares: 0,5399 ha
015419.pdf;Nome: Wellington Tenório de Oliveira;CPF: 020.921.314-00;RG: 81.363/SSP/AL;Documento: ;Área em hectares: 1,1878 ha
015419_001.pdf;Nome: Wellingtom Tenório de Oliveira;CPF: 020.921.314-00;RG: 81.363/SSP/AL;Documento: ;Área em hectares: 1,1878 ha
015420.pdf;Nome: Wellington Tenório de Oliveira;CPF: ;RG: ;Documento: ;Área em hectares: 5,1929
015420_001.pdf;Nome: Wellington Tenório de Oliveira;CPF: 020.921.314-00;RG: 81.363 SSP/AL;Documento: ; Área em hectares: 5,1929
018027.pdf;Nome: Benedito;CPF: 162.599.634-91;RG: 446.862/SSP/AL;Documento: Título de Reconhecimento de Domínio;Área em hectares: 4,0542
018027_001.pdf;Nome: ;CPF: 162.599.634-91;RG: 446.862-SSP/AL;Documento: INCRA sob o N.°246.131.006.726;Área em hectares: 4,0542 ha
018043.pdf;Nome: JOSE THEODOZIO NETTO COAS ITERAL ES;CPF: ;RG: ;Documento: Documento de identidade DE ANADIA/ALAGOAS;Área em hectares: 2,5151
018043_001.pdf;Nome: ;CPF: 876.178.978-04;RG: 7.721.957-SSP/SP;Documento: Memorial Descritivo do Lote N.° 1491;Área em hectares: 2,5151 ha
018044.pdf;Nome: Donina Quintino da Silva;CPF: 387.660.434-68;RG: ;Documento: Documento de identidade 387.660.434-68;Área em hectares: 5,2503
018044_001.pdf;Nome: ;José Theodozio Netto;;CPF: ;387.660.434-68;;RG: ;N/A;;Documento: ;INCRA N.°246.131.009.490-5;;Área em hectares: ;5,2503 ha
018046.pdf;Nome: Elias José da Silva;CPF: 439.169/SSP/AL;RG: 060.269.584-87;Documento: Documento de identidade;Área em hectares: 14,7178
018046_001.pdf;Nome: Elias José da Silva;CPF: 060.269.584-87;RG: N/A;Documento: CPF;Área em hectares: 14,7178 ha
018051.pdf;Nome: Edemir Calo da Silva ;CPF: 228.884.034-0 ;RG: 04067.704.SSP/AL ;Documento: Documento de identidade ;Área em hectares: 8,5712
018051_001.pdf;Nome: ;CPF: 228.884.034-04;RG: 067.704 SSP/AL;Documento: INCRA sob o N.°246.131.009.881-1;Área em hectares: 8,5712 ha
018057.pdf;Nome: Elías Bertulino de Oliveira ;CPF: ;RG: 321.722.494-9 ;Documento: 18057 ;Área em hectares: 14,4593ha
018057_001.pdf;Nome: Fazenda dos Noias;CPF: 321.722.494-91;RG: -;Documento: N.°246.131.006.980;Área em hectares: 14,4593 ha
018064.pdf;Nome: Francisco Barbosa da Silva;CPF: 2046/85;RG: 18064;Documento: Processo Administrativo nº 246.131.026.468;Área em hectares: 1,0788
018064_001.pdf;Nome: Passagem do Vigário;CPF: 148.197.084-49;RG: -;Documento: N.º246.131.026.468;Área em hectares: 1,0788 ha
018073.pdf;Nome: Ivaniso Moraes;CPF: 063.997.624;RG: ;Documento: Documento de identidade;Área em hectares: 257,3029
018073_001.pdf;Nome: Ivaniso Moraes;CPF: 063.997.624-72;RG: -;Documento: CPF;Área em hectares: 257,3029 ha
018081.pdf;Nome: João Crisóstomo da Silva ;CPF: 068.175.304-82 ;RG: 246.131.003.190 ;Documento: ;Área em hectares: 4 hectares, 50 ares e seiscentiare
018081_001.pdf;Nome: Sítio Lagoa da Vaca;CPF: 068.175.304;RG: 82;Documento: N.°246.131.003.190;Área em hectares: 4,5006 ha
018083.pdf;Nome: João Sebastião da Silva;CPF: 287.389.854;RG: ;Documento: Documento de Identidade;Área em hectares: 5,6899
018083_001.pdf;
018092.pdf;Nome: João de Deus Rocha;CPF: 027.401.684-20;RG: ;Documento: CPF;Área em hectares: 14,3694 ha
018092_001.pdf;Nome: João de Deus Rocha;CPF: 027.401.684-20;RG: ;Documento: CPF;Área em hectares: 14,3694 ha
018096.pdf;Nome: João Felipe;CPF: 318.434.174-72;RG: ;Documento: CPF;Área em hectares: 11,2151 ha
018096_001.pdf;Nome: João Felipe;CPF: 318.434.174-72;RG: ;Documento: CPF;Área em hectares: 11,2151 ha
018115.pdf;Nome: José Jacinto da Silva;CPF: ;RG: ;Documento: CI.385.270/AL;Área em hectares: 11,7829
018115_001.pdf;Nome: José Jacinto da Silva;CPF: ;RG: 385.270-SSP/AL;Documento: RG;Área em hectares: 11,7829 ha
018124.pdf;Nome: José Roque Filho ;CPF: 02845352492 ;RG: ;Documento: Processo Administrativo nº2646/83 ;Área em hectares: 0,976320
018124_001.pdf;Nome: José Roque Filho;CPF: 028.453.524-92;RG: ;Documento: C.P.F. 028.453.524-92;Área em hectares: 0,9763 ha
018128.pdf;Nome: José Liberato da Silva;CPF: 027491814;RG: ;Documento: CPF: 027491814;Área: 16,5886 hectares
018128_001.pdf;
018143.pdf;
018143_001.pdf;Nome: José Pereira Sobrinho;CPF: ;RG: 517.051-SSP/AL;Documento: RG;Área em hectares: 3,2162 ha
018145.pdf;Nome: José Galdino da Silva;CPF: 007.953.994;RG: ;Documento: ;Área em hectares: 10,1572
018145_001.pdf;Nome: Sítio Olho D'água dos Freires;CPF: 007.953.994-72;RG: -;Documento: Memorial Descritivo do Lote N.° 1850;Área: 10,1572 ha
018149.pdf;Nome: José Oliveira Braz dos Santos;CPF: 007.250.724-15;RG: 115.435/SSP/AL;Documento: 19.02.82;Área em hectares: 49,2513 ha
018149_001.pdf;Nome: José Oliveira Braz dos Santos;CPF: ;RG: 115.435-SSP/AL;Documento: RG;Área em hectares: 49,2513 ha
018153.pdf;Nome: José Luiz da SilvaCPF: 178.091/ALRG: CI.Rg: 246.131.007.641Documento: CI.178.091/ALÁrea: 11,85 ha
018153_001.pdf;Nome: José Luiz da Silva;CPF: ;RG: 178.091-SSP/AL;Documento: RG;Área em hectares: 11,8578 ha
018165.pdf;Nome: José Jusa da SilvaCPF: 280.751.704RG: Documento: Título de Reconhecimento de DomínioÁrea: 3,1112 hectares
018165_001.pdf;Nome: José Jusa da Silva;CPF: 280.751.704-82;RG: ;Documento: CPF;Área em hectares: 3,1112 ha
018170.pdf;Nome: José de Lima Santos;CPF: ;RG: ;Documento: CI.225.873/AL;Área em hectares: 2,0550 ha
018170_001.pdf;Nome: José de Lima Santos;CPF: ;RG: 225.873-SSP/AL;Documento: RG;Área em hectares: 2,0550 ha
018172.pdf;Nome: José Vicente dos Santos;CPF: 0399167941;RG: 18172;Documento: ;Área: 10 hectares, dezessete ares e noventa e sete centiares
018172_001.pdf;Nome: SITIO MUTUMBA TORTA;CPF: 039.916.794-36;RG: -;Documento: N.°246.131.010.332;Área em hectares: 10,1797 ha
018174.pdf;Nome: José Jacinto da Silva;CPF: Não informado;RG: CI.385.270/AL;Documento: ; Área em hectares: 9,6956 hectares
018174_001.pdf;Nome: José Jacinto da Silva;CPF: ;RG: 385.270-SSP/AL;Documento: RG;Área em hectares: 9,6956 ha
018178.pdf;Nome: José Avelino da Silva;CPF: 112588024;RG: ;Documento: ;Área em hectares: 3,8871
018178_001.pdf;Nome: ;CPF: 112.588.024-49;RG: ;Documento: INCRA N.º246.131.000.531;Área em hectares: 3,8871 ha
018190.pdf;Nome: Joselina Ferreira da Silva ;CPF: ;RG: 500.411/AL ;Documento: CI ;Área em hectares: 18,190ha
018190_001.pdf;Nome: Joselina Ferreira da Silva;CPF: ;RG: 500.411-SSP/AL;Documento: RG;Área em hectares: 1,6251 ha
018200.pdf;Nome: Luiz Neto Sobrinho;CPF: 011.057.447;RG: ;Documento: ;Área em hectares: 53,6114
018200_001.pdf;Nome: Luiz Neto Sobrinho;CPF: 011.057.447-87;RG: ;Documento: CPF;Área em hectares: 53,6114 ha
018200_002.pdf;Nome: Luiz Neto Sorinho;CPF: 011.057.447-87;RG: ;Documento: CPF;Área em hectares: 53,6114 ha
018201.pdf;
018201_001.pdf;Nome: ;CPF: 139.705.424-72;RG: ;Documento: ;Área em hectares: 4,4163 ha
018203.pdf;Nome: Luiz Flávio Ferro;CPF: ;RG: 126.365/AL;Documento: Documento de identidade 126.365/AL;Área em hectares: 132,11643
018203_001.pdf;Nome: Luiz Flávio Ferro;CPF: ;RG: 126.365-SSP/AL;Documento: RG 126.365-SSP/AL;Área em hectares: 132,1164 ha
018225.pdf;Nome: Maria José de Araújo Santos ;CPF: 468.670.074 ;RG: ;Documento: CIC ;Área em hectares: 1,0863
018225_001.pdf;Nome: ;CPF: 468.670.074-49;RG: ;Documento: N.°246.131.026.832;Área em hectares: 1,0863 ha
018243.pdf;Nome: Manoel Teixeira Sobrinho;CPF: 333.678.764;RG: ;Documento: Documento de identidade;Área em hectares: 9,2843
018243_001.pdf;Nome: ;CPF: 333.678.764-53;RG: ;Documento: N.°246.131.001.724;Área em hectares: 9,2843 ha
018247.pdf;Nome: Manoel Procópio Gomes ;CPF: ;RG: ;Documento: Título de Reconhecimento de Domínio;Área em hectares: 8,8080
018247_001.pdf;Nome: Manoel Procópio Gomes;CPF: 026.266.674-04;RG: -;Documento: CPF.026.266.674-04;Área em hectares: 8,8080 ha
018255.pdf;Nome: Manoel Tito da Silva;CPF: 039.648.684;RG: 18255;Documento: Casado;Área: 4,3432 hectares
018255_001.pdf;Nome: SITIO CARRASCO ;CPF: 039.648.684-34 ;RG: - ;Documento: INCRA N.°246.131.010.146 ;Área em hectares: 4,3432 ha
018260.pdf;Nome: Manoel Albuquerque Rocha;CPF: 003.575.294;RG: 246.131.258.776;Documento: Título de Reconhecimento de Domínio;Área em hectares: 23,4199
018260_001.pdf;Nome: Sítio Canudos Velhos;CPF: 003.575.294-72;RG: -;Documento: N.°246.131.258.776;Área em hectares: 23,4199 ha
018277.pdf;brasileira, CPF nº123.456.789-00, RG nº123.456.789-0, residente e domiciliado na Fazenda São João, município de São Miguel dos Campos, Estado de Alagoas, sobre a área de 20 hectares.;;Nome: Manoel Guilherme da Silva;CPF: 123.456.789-00;RG
018277_001.pdf;Nome: Sítio Pau Amarelo;CPF: 049.527.154-34;RG: -;Documento: N.°246.131.001.473;Área em hectares: 1,0435 ha
018280.pdf;Nome: Manoel Albuquerque Rocha;CPF: 003.575.294-72;RG: N/A;Documento: CPF;Área em hectares: 234,1543 ha
018280_001.pdf;Nome: Manoel Albuquerque Rocha;CPF: 003.575.294-72;RG: N/A;Documento: CPF;Área em hectares: 234,1543 ha
018287.pdf;Nome: Manoel Vieira da Silva;CPF: 007.226.2641;RG: Aradhe Jersa;Documento: CPF.007.226.2641;Área em hectares: 5,4651
018287_001.pdf;Nome: Sítio Xexeu e Lagoa do Mucambo;CPF: 007.226.264-87;RG: -;Documento: Memorial Descritivo do Lote N.° 416;Área em hectares: 5,4651 ha
018313.pdf;
018313_001.pdf;Nome: Pedro Ferreira da Silva;CPF: ;RG: 231.978-SSP/AL;Documento: RG 231.978-SSP/AL;Área em hectares: 5,4972 ha
018317.pdf;Nome: Pedro Davino do Nascimento;CPF: ;RG: ;Documento: Título de Reconhecimento de Domínio;Área em hectares: 9,1176 ha
018317_001.pdf;Nome: Pedro Davincula do Nascimento;CPF: 026.259.624-53;RG: N/A;Documento: CPF;Área em hectares: 9,1176 ha
018328.pdf;Nome: Paulino João dos Santos;CPF: ;RG: CI.586.267/AL;Documento: Documento de identidade;Área em hectares: 4.5397400
018328_001.pdf;Nome: Paulino João dos Santos;CPF: ;RG: 586.267-SSP/AL;Documento: RG 586.267-SSP/AL;Área em hectares: 4,5397 ha
018334.pdf;Nome: Sebastião Barbosa da Silva;CPF: ;RG: 480.279/SSP/AL;Documento: Processo Administrativo nº4322/83;Área em hectares: 21,29
018334_001.pdf;Nome: Sebastião Barbosa da Silva;CPF: ;RG: 480.279-SSP/AL;Documento: RG;Área em hectares: 21,2916 ha
018339.pdf;Nome: Sebastião Romão Sobrinho;CPF: 18339;RG: 481.016/AL;Documento: Processo Administrativo nº 4323/83;Área: 65.8854 hectares
018339_001.pdf;Nome: Sebastião Romão Sobrinho;CPF: ;RG: 481.016-SSP/AL;Documento: RG;Área em hectares: 65,8854 ha
018344.pdf;Nome: Jerson Ronaldo LessaCPF: não informadoRG: não informadoDocumento: 1 Área: 43.623 ha
018344_001.pdf;Nome: Salvador Carlos Costa;CPF: ;RG: 354.339-SSP/AL;Documento: RG 354.339-SSP/AL;Área em hectares: 43,6223 ha
018353.pdf;Nome: Vicente Teixeira de Paula ;CPF: n/a ;RG: n/a ;Documento: Documento de identidade ;Área em hectares: 21
018353_001.pdf;Nome: Vicente Teixeira de Paula;CPF: ;RG: ;Documento: CTPS Nº. 076.824-AL;Área em hectares: 21,2144 ha
024604.pdf;Nome: AGREL-AGRO ESTRELA LTDA;CPF: ;RG: ;Documento: CNPJ 12.344.479/0001-62;Área em hectares: 65,1163
024604_001.pdf;Nome: AGREL-AGRO ESTRELA LTDA;CPF: N/A;RG: N/A;Documento: CNPJ 12.344.479/0001-62;Área em hectares: 65,1163 ha
024606.pdf;Nome: AGREL-AGRO ESTRELA LTDA;CPF: não informado;RG: não informado;Documento: não informado;Área em hectares: 36,5833
024606_001.pdf;Nome: AGREL-AGRO ESTRELA LTDA;CPF: N/A;RG: N/A;Documento: CNPJ 12.344.479/0001-62;Área em hectares: 36,5833 ha
024615.pdf;Nome: Janeiro dos Santos;CPF: 123.456.789-00;RG: 123456789;Documento de Identificação: XX 2000;Área em hectares: 20
024615_001.pdf;Nome: Triunfo-Agro Indústria S/A;CPF: N/A;RG: N/A;Documento: CNPJ 12.733.937/0001-55;Área em hectares: 101,0769 ha
024616.pdf;Nome: ST. ANDRÉ QUISSÉ;CPF: 0001-55;RG: 2-F297;Documento: Título de Reconhecimento de Domínio;Área em hectares: 11,97
024616_001.pdf;Nome: Triunfo-Agro Industrial S/A ;CPF: ;RG: ;Documento: CNPJ 12.733.937/0001-55;Área em hectares: 11,4804 ha
024617.pdf; 
024617_001.pdf;Nome: Triunfo-Agro Industrial S/A ;CPF: N/A ;RG: N/A ;Documento: CNPJ 12.733.937/0001-55 ;Área em hectares: 4,8516 ha
024618.pdf;Nome: Triunfo-Agro Industrial S/A;CPF: 12.733.937/0001-55;RG: 24618;Documento: Processo Administrativo nº 246.093.018.295;Área em hectares: 89.7676
024618_001.pdf;Nome: Triunfo-Agro Industrial S/A;CPF: N/A;RG: N/A;Documento: CNPJ 12.733.937/0001-55;Área em hectares: 89,7676 ha
024619.pdf;Nome: Agrel-Agro Estrela Ltda ;CPF: 002.926.564.91 ;RG: - ;Documento:  ;Área em hectares: 15,1518
024619_001.pdf;
024620.pdf;Nome: AGREL-AGRO ESTRELA LTDA;CPF: -;RG: -;Documento: ; Área em hectares:
024620_001.pdf;Nome: AGREL-AGRO ESTRELA LTDA;CPF: -;RG: -;Documento: CNPJ 12.344.479/0001-62;Área em hectares: 9,6327 ha
026591.pdf; 
026591_001.pdf;Nome: Wellington Tenório de Oliveira ;CPF: 020.921.314-00 ;RG: 81.363-SSP/AL ;Documento: RG.81.363-SSP/AL ;Área em hectares: 228,6724 ha
062349.pdf;Nome: Antonio Rosa da Silva;CPF: 19.02.824211/86;RG: CI.158.307/AL;Documento: Documento de identidade;Área em hectares: 4,1594
062349_001.pdf;Nome: Antônio Rosa da Silva;CPF: ;RG: 158.307-SSP/AL;Documento: RG;Área em hectares: 4,1594 ha
062357.pdf;Nome: Josefa Rosa da Silva;CPF: ;RG: ;Documento: ;Área em hectares: 0,3482 ha
062357_001.pdf;Nome: Josefa Rosa da Silva;CPF: ;RG: ;Documento: CTPS. 76.973;Área em hectares: 0,3482ha
